,name,nationality,position,age,matches_played,starts,minutes,ninteys,goals,assists,yellow_card,red_card,progressive_carries,progressive_passes,goals_conceeded,shots_on_target_against,saves,clean_sheets,shots,shots_on_target,passes_com,passes_com_s,passes_com_m,passes_com_l,key_passes,passes_into_third,passes_into_pen,touches,touches_def_pen,touches_def_third,touches_mid_third,touches_att_third,touches_att_pen,sucessful_takeons,aerial_duels_won,fouls_committed,fouls_drawn,total_tackles,successful_tackles,percent_of_dribblers_tackled,blocks,shot_blocks,interceptions,clearances,salary,estimated_market_value,number,club
0,Aaron Ramsdale,ENG,GK,24,25,25,2250,25.0,0,0,0,0,0,5,23,79,57,11,0,0,68.8,96.1,98.4,38.4,0,19,2,770,558,757,13,0,0,100.0,100.0,0,3,1,1,100.0,0,0,0,14,3276000,36784000.0,1,Arsenal
1,William Saliba,FRA,DF,21,25,25,2235,24.8,2,1,4,0,8,81,NULL,NULL,NULL,NULL,5,3,90.9,93.4,92.9,76.5,4,91,2,1872,162,842,995,40,11,66.7,57.5,18,13,29,16,82.4,11,8,18,77,1872000,21736000.0,12,Arsenal
2,Bukayo Saka,ENG,FW,21,25,25,2152,23.9,10,9,5,0,114,65,NULL,NULL,NULL,NULL,60,18,75.0,87.5,79.4,47.2,54,32,43,1260,10,102,337,834,145,36.0,22.2,29,43,33,21,27.8,29,0,13,17,1716000,59488000.0,7,Arsenal
3,Granit Xhaka,SUI,MF,30,25,25,2107,23.4,3,5,3,0,30,152,NULL,NULL,NULL,NULL,26,5,84.4,89.2,86.5,80.6,37,114,31,1387,62,238,647,508,78,42.9,55.6,17,31,21,15,45.5,22,9,10,34,5200000,26400000.0,34,Arsenal
4,Martin Odegaard,NOR,MF,24,24,24,2036,22.6,9,6,3,0,59,172,NULL,NULL,NULL,NULL,59,17,79.9,87.5,81.4,65.5,56,78,58,1310,16,123,547,655,84,60.4,38.5,22,17,20,13,16.0,10,2,3,7,5980000,51480000.0,8,Arsenal
5,Martinelli,BRA,FW,21,25,24,2004,22.3,11,2,3,0,92,75,NULL,NULL,NULL,NULL,58,22,74.5,85.9,81.5,48.5,40,25,31,1103,11,101,303,716,161,41.6,17.6,29,26,19,11,25.0,18,1,8,11,2444000,34672000.0,11,Arsenal
6,Ben White,ENG,DF,25,25,24,1949,21.7,0,2,4,0,46,172,NULL,NULL,NULL,NULL,6,0,83.4,91.0,87.1,55.0,17,161,27,1696,56,347,891,466,25,25.0,47.9,14,18,45,26,69.8,32,7,13,53,NULL,45848000.0,4,Arsenal
7,Thomas Partey,GHA,MF,29,20,18,1591,17.7,2,0,2,0,17,142,NULL,NULL,NULL,NULL,22,3,86.3,90.1,89.1,71.9,20,142,15,1481,48,273,929,290,15,68.0,54.1,19,12,44,26,51.4,14,4,20,29,8320000,NULL,5,Arsenal
8,Oleksandr Zinchenko,UKR,DF,26,18,17,1430,15.9,1,2,2,0,52,163,NULL,NULL,NULL,NULL,19,6,86.6,92.5,87.6,69.1,13,126,30,1415,42,292,708,427,23,71.4,70.0,2,9,28,12,51.7,15,0,14,23,5200000,40304000.0,35,Arsenal
9,Gabriel Jesus,BRA,FW,25,14,14,1219,13.5,5,5,4,0,30,38,NULL,NULL,NULL,NULL,50,20,80.8,85.0,88.3,68.0,22,23,12,637,16,53,242,345,123,40.9,34.3,24,38,19,16,43.8,15,2,8,10,5200000,58168000.0,9,Arsenal
10,Eddie Nketiah,ENG,FW,23,23,9,1001,11.1,4,1,2,0,30,15,NULL,NULL,NULL,NULL,40,14,81.7,86.6,85.2,83.3,7,7,6,379,10,34,143,208,79,48.5,25.0,27,24,12,9,33.3,7,1,1,7,4004000,15224000.0,14,Arsenal
11,Takehiro Tomiyasu,JPN,DF,24,19,5,607,6.7,0,1,2,0,9,47,NULL,NULL,NULL,NULL,2,0,81.6,87.1,86.2,58.0,4,36,6,487,25,128,265,98,10,33.3,40.0,6,3,23,15,70.6,5,0,13,15,2964000,17952000.0,18,Arsenal
12,Kieran Tierney,SCO,DF,25,17,4,479,5.3,0,0,0,0,17,27,NULL,NULL,NULL,NULL,5,2,74.8,86.0,81.6,51.1,3,26,6,378,14,82,178,119,7,0.0,16.7,4,4,10,5,80.0,5,1,9,14,5720000,36256000.0,3,Arsenal
13,Jorginho,ITA,MF,31,5,4,347,3.9,0,0,0,0,6,49,NULL,NULL,NULL,NULL,3,0,83.6,87.4,87.5,75.0,3,37,6,325,10,59,193,75,7,50.0,46.2,3,4,8,4,11.1,2,1,4,3,NULL,15840000.0,20,Arsenal
14,Leandro Trossard,BEL,FW,28,7,3,292,3.2,1,2,0,0,20,19,NULL,NULL,NULL,NULL,7,2,74.3,84.4,69.2,70.6,5,6,10,170,0,14,37,121,22,66.7,0.0,5,6,6,4,42.9,2,0,1,0,4680000,14168000.0,19,Arsenal
15,Fabio Vieira,POR,MF,22,15,1,313,3.5,1,2,0,0,4,20,NULL,NULL,NULL,NULL,10,2,79.4,90.6,82.5,40.0,5,17,6,221,3,19,108,96,14,27.3,50.0,3,2,4,2,66.7,2,0,4,1,4264000,17424000.0,21,Arsenal
16,Mohamed Elneny,EGY,MF,30,5,1,113,1.3,0,0,0,0,1,2,NULL,NULL,NULL,NULL,0,0,95.0,100.0,93.1,100.0,0,3,2,63,2,11,42,11,0,NULL,0.0,1,1,1,1,100.0,0,0,0,0,2548000,3872000.0,25,Arsenal
17,Reiss Nelson,ENG,FW,23,2,0,65,0.7,2,1,0,0,8,1,NULL,NULL,NULL,NULL,3,3,89.7,96.0,85.7,100.0,2,0,2,47,0,5,7,36,8,100.0,0.0,2,2,1,0,100.0,0,0,0,0,1976000,4048000.0,24,Arsenal
18,Emile Smith Rowe,ENG,MF,22,6,0,61,0.7,0,0,0,0,0,2,NULL,NULL,NULL,NULL,3,1,83.9,100.0,84.6,66.7,3,1,2,39,1,8,12,19,3,66.7,0.0,1,0,1,1,50.0,0,0,0,2,2600000,20944000.0,10,Arsenal
19,Rob Holding,ENG,DF,27,7,0,20,0.2,0,0,0,0,0,1,NULL,NULL,NULL,NULL,0,0,83.3,100.0,100.0,0.0,0,0,0,8,2,6,2,0,0,NULL,50.0,0,0,1,1,NULL,0,0,0,1,1976000,7392000.0,16,Arsenal
20,Ethan Nwaneri,ENG,FW,15,1,0,1,0.0,0,0,0,0,0,0,NULL,NULL,NULL,NULL,0,0,NULL,NULL,NULL,NULL,0,0,0,1,0,0,0,1,0,NULL,NULL,0,0,0,0,NULL,1,0,0,0,NULL,NULL,83,Arsenal
21,Ezri Konsa,ENG,DF,25,24,23,2062,22.9,0,0,4,0,5,26,NULL,NULL,NULL,NULL,4,0,86.0,90.5,92.8,55.1,4,39,4,1330,211,776,517,44,11,40.0,56.5,9,39,29,9,85.7,26,16,18,84,3744000,35288000.0,4,Aston Villa
22,Emiliano Martinez,ARG,GK,30,22,22,1924,21.4,0,0,5,0,0,0,NULL,NULL,NULL,NULL,0,0,73.2,100.0,99.0,45.1,2,16,0,837,705,827,10,0,0,NULL,100.0,0,4,0,0,0.0,0,0,1,10,5200000,35816000.0,1,Aston Villa
23,Ollie Watkins,ENG,FW,27,23,22,1885,20.9,8,4,1,0,33,30,NULL,NULL,NULL,NULL,48,25,70.4,75.8,73.6,72.7,20,22,11,606,22,54,258,304,97,27.5,38.1,16,23,12,7,35.7,15,0,8,20,2288000,42328000.0,11,Aston Villa
24,Tyrone Mings,ENG,DF,29,21,21,1890,21.0,0,1,4,0,10,58,NULL,NULL,NULL,NULL,1,0,83.8,89.4,92.8,52.7,3,59,4,1233,201,699,494,42,12,28.6,70.2,14,14,8,2,44.4,24,13,33,92,3484000,20064000.0,5,Aston Villa
25,Douglas Luiz,BRA,MF,24,23,19,1680,18.7,2,5,3,1,25,71,NULL,NULL,NULL,NULL,20,6,82.9,89.3,87.9,56.5,27,58,12,1245,41,326,689,245,7,41.7,53.1,30,22,44,24,46.9,26,5,28,13,2704000,30096000.0,6,Aston Villa
26,Leon Bailey,JAM,FW,25,23,19,1460,16.2,4,2,4,0,58,25,NULL,NULL,NULL,NULL,38,13,62.0,76.5,63.2,48.4,18,15,15,613,9,65,215,346,61,37.0,31.0,24,14,11,5,23.1,10,0,4,7,4420000,20064000.0,31,Aston Villa
27,Boubacar Kamara,FRA,MF,23,18,17,1465,16.3,0,1,3,0,13,75,NULL,NULL,NULL,NULL,4,1,84.7,89.6,91.0,72.4,7,56,5,997,53,304,583,118,8,45.5,55.6,22,22,47,22,47.8,34,11,15,22,9100000,48840000.0,44,Aston Villa
28,Jacob Ramsey,ENG,MF,21,21,17,1430,15.9,2,2,4,0,46,60,NULL,NULL,NULL,NULL,13,7,82.7,88.1,83.0,73.3,18,47,13,746,33,144,389,224,32,29.2,28.1,18,29,43,26,52.9,36,6,15,20,3640000,23936000.0,41,Aston Villa
29,John McGinn,SCO,MF,28,20,16,1434,15.9,0,2,4,0,11,68,NULL,NULL,NULL,NULL,23,6,75.4,84.8,80.5,59.6,9,65,12,761,21,131,431,205,20,63.0,60.9,21,27,44,28,57.9,30,4,15,9,3640000,38104000.0,7,Aston Villa
30,Lucas Digne,FRA,DF,29,18,16,1243,13.8,1,0,3,0,23,51,NULL,NULL,NULL,NULL,7,3,76.1,89.9,74.2,48.9,14,33,19,912,55,309,328,279,20,6.7,54.3,16,20,24,9,68.0,14,5,15,35,6240000,28160000.0,27,Aston Villa
31,Matty Cash,POL,DF,25,20,15,1380,15.3,0,1,3,0,36,67,NULL,NULL,NULL,NULL,7,1,76.2,89.0,82.0,39.4,8,49,15,937,57,296,419,229,9,47.4,55.0,16,12,37,22,68.0,16,3,23,33,3328000,40040000.0,2,Aston Villa
32,Ashley Young,ENG,DF,37,18,14,1267,14.1,1,0,3,0,17,67,NULL,NULL,NULL,NULL,8,2,74.3,89.0,80.0,42.1,10,44,13,902,51,328,428,159,4,41.7,52.9,16,13,38,20,83.9,17,7,15,39,4316000,1848000.0,18,Aston Villa
33,Philippe Coutinho,BRA,MF,30,20,7,788,8.8,1,0,3,0,18,48,NULL,NULL,NULL,NULL,21,8,75.0,85.7,73.2,47.2,8,30,8,499,2,33,259,213,24,42.4,18.8,16,14,19,14,64.3,11,1,4,2,6500000,16632000.0,23,Aston Villa
34,Leander Dendoncker,BEL,MF,27,13,3,365,4.1,0,0,0,0,1,10,NULL,NULL,NULL,NULL,1,0,87.1,92.0,90.0,60.0,5,10,0,200,12,56,113,31,5,50.0,41.7,1,0,11,4,53.8,11,3,6,6,3900000,13112000.0,32,Aston Villa
35,Alex Moreno,ESP,DF,29,6,2,354,3.9,0,1,1,0,7,9,NULL,NULL,NULL,NULL,6,1,70.9,79.1,76.8,22.2,6,4,4,279,17,96,109,77,12,46.2,80.0,7,4,7,4,50.0,8,2,2,8,NULL,13992000.0,15,Aston Villa
36,Robin Olsen,SWE,GK,33,3,2,236,2.6,0,0,0,0,0,0,7,16,9,1,0,0,58.6,93.3,100.0,33.8,0,2,0,120,101,118,2,0,0,NULL,NULL,0,0,0,0,0.0,0,0,0,1,1716000,1320000.0,25,Aston Villa
37,Calum Chambers,ENG,DF,28,5,2,200,2.2,0,0,1,0,2,5,NULL,NULL,NULL,NULL,1,0,81.0,92.9,90.4,52.2,0,5,0,138,22,87,46,7,0,NULL,50.0,5,0,2,2,33.3,4,4,6,3,2704000,5808000.0,16,Aston Villa
38,Diego Carlos,BRA,DF,29,2,2,179,2.0,0,0,0,0,0,10,NULL,NULL,NULL,NULL,4,0,78.9,83.3,86.4,58.3,0,8,0,140,8,49,85,9,4,NULL,50.0,1,0,1,0,0.0,2,2,1,2,5200000,22176000.0,3,Aston Villa
39,Ludwig Augustinsson,SWE,DF,28,3,1,77,0.9,0,0,1,0,0,0,NULL,NULL,NULL,NULL,2,1,60.5,81.3,62.5,25.0,0,0,0,51,3,19,15,17,2,0.0,80.0,1,3,1,1,NULL,0,0,0,1,728000,NULL,NULL,Aston Villa
40,Jhon Duran,COL,FW,19,3,0,53,0.6,0,0,0,0,2,3,NULL,NULL,NULL,NULL,3,1,60.0,71.4,57.1,0.0,0,0,1,22,1,1,12,10,3,100.0,33.3,2,1,0,0,0.0,0,0,1,1,NULL,1936000.0,22,Aston Villa
41,Morgan Sanson,FRA,MF,28,2,0,11,0.1,0,0,0,0,0,1,NULL,NULL,NULL,NULL,0,0,71.4,75.0,50.0,NULL,0,0,0,9,1,1,4,4,0,NULL,0.0,0,2,2,1,100.0,0,0,0,0,3068000,NULL,NULL,Aston Villa
42,Jefferson Lerma,COL,MF,28,24,24,2108,23.4,3,0,3,0,13,79,NULL,NULL,NULL,NULL,20,4,81.8,87.3,88.5,47.4,9,73,13,1232,131,420,624,206,31,56.3,64.3,22,27,33,18,62.5,18,9,25,74,2340000,5984000.0,8,Bournemouth
43,Adam Smith,ENG,DF,31,23,23,1953,21.7,0,1,8,0,17,65,NULL,NULL,NULL,NULL,4,1,77.6,89.3,81.8,47.0,7,57,17,1048,67,420,455,188,11,20.0,34.9,22,15,36,21,51.2,25,11,14,49,1456000,4400000.0,15,Bournemouth
44,Philip Billing,DEN,MF,26,23,21,1703,18.9,4,1,3,0,24,44,NULL,NULL,NULL,NULL,21,11,75.8,83.2,80.1,55.2,14,25,5,818,49,207,375,249,39,50.0,61.8,20,25,40,21,43.5,32,7,20,36,2288000,7920000.0,29,Bournemouth
45,Marcos Senesi,ARG,DF,25,20,19,1608,17.9,1,0,3,0,4,33,NULL,NULL,NULL,NULL,3,1,78.8,87.8,87.6,52.0,3,49,2,1029,208,662,342,35,9,60.0,57.1,16,8,35,24,57.7,26,14,25,93,2288000,11528000.0,25,Bournemouth
46,Chris Mepham,WAL,DF,25,20,18,1659,18.4,0,0,6,0,1,28,NULL,NULL,NULL,NULL,6,2,82.3,89.3,90.2,50.5,3,28,2,958,220,638,305,20,9,0.0,60.3,13,6,30,13,64.3,31,21,20,109,1404000,5456000.0,6,Bournemouth
47,Dominic Solanke,ENG,FW,25,19,18,1611,17.9,3,4,1,0,28,25,NULL,NULL,NULL,NULL,42,16,67.8,75.2,77.9,76.9,10,10,6,545,27,90,231,238,77,35.3,41.3,22,31,7,4,27.3,15,4,2,26,2444000,22792000.0,9,Bournemouth
48,Lewis Cook,ENG,MF,26,19,17,1486,16.5,0,2,2,0,9,54,NULL,NULL,NULL,NULL,5,0,78.8,88.1,85.9,55.7,21,49,11,798,54,240,412,157,8,37.5,46.7,12,8,36,22,53.1,24,9,17,23,1820000,8096000.0,4,Bournemouth
49,Jordan Zemura,ZIM,DF,23,18,16,1391,15.5,0,1,1,0,39,45,NULL,NULL,NULL,NULL,4,0,72.0,85.3,72.4,43.4,18,32,12,778,43,281,292,216,31,48.6,38.9,17,14,34,20,55.6,28,7,15,29,1300000,4928000.0,33,Bournemouth
50,Marcus Tavernier,ENG,MF,23,17,16,1367,15.2,3,4,1,0,50,36,NULL,NULL,NULL,NULL,27,10,68.4,82.3,71.2,40.5,15,22,8,741,25,157,296,317,45,45.1,38.9,13,26,26,17,41.2,15,1,5,21,1248000,19624000.0,16,Bournemouth
51,Neto,BRA,GK,33,14,14,1215,13.5,0,0,3,0,0,0,17,62,46,3,0,0,62.9,98.1,96.4,45.7,0,8,0,436,373,433,3,0,0,NULL,60.0,0,3,2,0,100.0,0,0,0,3,5200000,1584000.0,13,Bournemouth
52,Kieffer Moore,WAL,FW,30,20,12,1119,12.4,4,0,0,0,10,20,NULL,NULL,NULL,NULL,17,6,58.7,62.4,64.3,55.6,4,16,5,449,29,48,257,145,41,9.1,51.9,22,28,13,11,31.3,10,5,1,20,1300000,6248000.0,21,Bournemouth
53,Ryan Christie,SCO,MF,28,19,12,1036,11.5,1,0,1,0,21,46,NULL,NULL,NULL,NULL,17,5,80.7,84.4,90.8,56.4,14,26,12,512,21,108,240,171,30,40.5,30.0,20,26,20,15,36.0,14,2,18,12,1716000,6952000.0,10,Bournemouth
54,Mark Travers,IRL,GK,23,11,10,945,10.5,0,0,0,0,0,0,31,60,31,2,0,0,75.3,100.0,98.8,49.7,0,4,0,354,328,353,1,0,0,NULL,100.0,0,0,0,0,NULL,1,0,0,6,988000,9504000.0,1,Bournemouth
55,Lloyd Kelly,ENG,DF,24,10,10,900,10.0,0,2,2,0,4,15,NULL,NULL,NULL,NULL,2,0,79.2,87.5,90.7,49.0,3,29,3,592,89,363,197,36,5,100.0,70.4,8,2,12,7,70.0,12,9,13,48,1820000,8096000.0,5,Bournemouth
56,Jaidon Anthony,ENG,MF,23,19,7,832,9.2,3,0,1,0,22,37,NULL,NULL,NULL,NULL,18,10,72.8,87.2,70.6,54.1,9,16,13,490,13,90,181,224,26,34.6,47.1,7,7,24,13,31.6,17,1,5,11,1560000,7744000.0,32,Bournemouth
57,Ryan Fredericks,ENG,DF,30,10,5,495,5.5,0,0,1,0,13,15,NULL,NULL,NULL,NULL,0,0,67.3,88.3,61.9,26.7,1,5,6,264,26,80,104,82,6,14.3,28.6,3,1,3,2,25.0,6,1,0,22,1716000,NULL,2,Bournemouth
58,Jack Stephens,ENG,DF,29,7,5,453,5.0,0,0,1,0,0,11,NULL,NULL,NULL,NULL,0,0,81.1,86.7,86.4,65.5,3,8,1,211,52,143,62,7,3,100.0,33.3,2,1,9,6,60.0,12,9,1,27,2340000,3168000.0,3,Bournemouth
59,Dango Ouattara,BFA,MF,21,5,5,405,4.5,0,2,1,0,15,6,NULL,NULL,NULL,NULL,11,2,67.5,78.2,65.8,60.0,5,11,5,185,15,37,77,76,20,27.8,52.4,4,5,5,4,66.7,6,2,5,8,NULL,10472000.0,11,Bournemouth
60,Jack Stacey,ENG,DF,26,9,3,297,3.3,0,0,2,0,9,2,NULL,NULL,NULL,NULL,1,0,57.1,78.8,55.3,25.0,0,6,1,167,17,66,56,47,2,33.3,62.5,4,0,5,4,40.0,3,1,5,15,1300000,1672000.0,17,Bournemouth
61,Joe Rothwell,ENG,MF,28,9,1,234,2.6,0,0,0,0,2,10,NULL,NULL,NULL,NULL,1,1,88.3,90.7,94.3,63.6,3,6,4,112,5,28,62,23,1,28.6,0.0,4,1,4,2,50.0,3,0,2,1,1560000,2112000.0,14,Bournemouth
62,Antoine Semenyo,GHA,FW,23,3,1,135,1.5,0,0,0,0,3,4,NULL,NULL,NULL,NULL,1,0,55.2,43.8,87.5,66.7,1,1,0,50,2,9,24,19,2,33.3,63.6,2,5,1,0,50.0,2,0,1,0,NULL,3784000.0,24,Bournemouth
63,Junior Stanislas,ENG,MF,33,4,0,61,0.7,0,0,0,0,0,4,NULL,NULL,NULL,NULL,1,0,78.6,85.7,81.8,0.0,2,3,0,34,0,3,15,16,3,NULL,0.0,0,0,0,0,NULL,2,1,0,0,1300000,352000.0,19,Bournemouth
64,Matias Vina,URU,MF,25,2,0,16,0.2,0,0,0,0,0,1,NULL,NULL,NULL,NULL,0,0,75.0,100.0,66.7,NULL,0,1,0,9,3,5,2,2,0,100.0,NULL,0,0,2,1,50.0,1,0,0,1,NULL,9768000.0,18,Bournemouth
65,Owen Bevan,WAL,DF,19,1,0,9,0.1,0,0,0,0,0,0,NULL,NULL,NULL,NULL,0,0,66.7,100.0,100.0,NULL,0,0,0,3,0,3,0,0,0,NULL,NULL,0,0,0,0,NULL,0,0,0,0,NULL,NULL,NULL,Bournemouth
66,David Raya,ESP,GK,27,23,23,2070,23.0,0,0,1,0,0,10,30,128,100,8,0,0,64.2,95.6,97.7,46.1,2,46,3,1036,750,971,66,0,0,100.0,91.7,0,2,0,0,0.0,1,0,0,6,1924000,10208000.0,1,Brentford
67,Mathias Jensen,DEN,MF,27,23,23,1765,19.6,3,4,3,0,15,86,NULL,NULL,NULL,NULL,14,4,68.9,82.0,71.8,51.7,29,78,22,1207,24,243,555,419,23,36.1,40.9,22,12,47,22,30.0,33,1,23,16,1768000,13200000.0,8,Brentford
68,Bryan Mbeumo,CMR,FW,23,23,23,1747,19.4,5,3,4,0,34,49,NULL,NULL,NULL,NULL,37,17,67.4,81.8,65.9,47.8,26,16,29,739,13,110,212,427,64,46.5,32.7,13,14,11,6,21.1,11,0,4,11,2496000,41624000.0,19,Brentford
69,Rico Henry,ENG,DF,25,22,22,1960,21.8,0,2,0,0,32,63,NULL,NULL,NULL,NULL,10,2,71.9,86.0,70.8,38.6,13,39,21,922,76,280,358,298,23,51.9,38.6,16,21,37,18,66.7,22,7,17,53,1976000,24552000.0,3,Brentford
70,Ben Mee,ENG,DF,33,22,22,1928,21.4,3,0,2,0,2,38,NULL,NULL,NULL,NULL,15,4,75.2,83.9,82.6,51.0,3,37,4,1295,175,692,520,87,39,100.0,64.8,11,10,22,12,50.0,36,29,32,73,2756000,3520000.0,16,Brentford
71,Ivan Toney,ENG,FW,26,21,21,1879,20.9,14,3,8,0,5,49,NULL,NULL,NULL,NULL,58,22,58.9,69.3,54.5,46.4,19,36,18,809,31,85,345,383,105,26.7,48.7,37,47,16,10,46.2,17,6,9,22,2392000,32032000.0,17,Brentford
72,Vitaly Janelt,GER,MF,24,23,15,1434,15.9,3,1,1,0,11,53,NULL,NULL,NULL,NULL,10,5,78.9,87.5,81.9,63.7,9,46,10,818,46,231,436,157,26,50.0,55.3,14,15,44,21,51.4,18,7,17,21,1924000,24552000.0,27,Brentford
73,Ethan Pinnock,JAM,DF,29,15,15,1350,15.0,0,0,0,0,1,26,NULL,NULL,NULL,NULL,7,3,74.6,79.6,82.5,46.9,4,25,0,779,175,477,245,60,28,50.0,66.3,5,4,15,9,40.0,15,13,16,131,1664000,5368000.0,5,Brentford
74,Josh Dasilva,ENG,MF,24,23,12,1061,11.8,3,2,1,0,46,48,NULL,NULL,NULL,NULL,13,5,80.3,88.1,89.0,58.9,9,29,20,561,9,107,252,211,22,58.3,54.5,10,16,14,7,41.7,15,5,3,5,1820000,4400000.0,10,Brentford
75,Christian Norgaard,DEN,MF,28,13,12,1041,11.6,1,2,2,0,1,43,NULL,NULL,NULL,NULL,13,7,73.1,80.1,74.3,56.3,8,44,5,641,49,201,343,103,26,36.4,47.6,16,10,26,13,33.3,18,6,23,26,2184000,10560000.0,6,Brentford
76,Yoane Wissa,COD,FW,26,23,10,999,11.1,4,2,2,0,14,20,NULL,NULL,NULL,NULL,21,8,70.8,85.7,68.8,36.8,9,16,7,334,11,46,133,163,34,39.3,41.7,11,13,13,8,75.0,4,0,5,11,1248000,10912000.0,11,Brentford
77,Mads Roerslev,DEN,DF,23,14,10,933,10.4,0,0,0,0,8,16,NULL,NULL,NULL,NULL,3,0,64.2,76.9,74.3,32.5,7,12,6,350,40,142,118,91,11,40.0,43.8,2,3,16,10,41.7,11,5,7,31,988000,3080000.0,30,Brentford
78,Aaron Hickey,SCO,DF,20,11,10,814,9.0,0,0,4,0,23,41,NULL,NULL,NULL,NULL,5,2,82.1,91.0,81.0,48.3,1,32,5,462,22,122,242,102,10,28.0,30.8,7,18,20,14,50.0,10,4,11,12,1976000,23848000.0,2,Brentford
79,Kristoffer Ajer,NOR,DF,24,9,9,763,8.5,0,0,0,0,10,31,NULL,NULL,NULL,NULL,1,0,75.1,82.4,79.7,57.5,1,20,3,412,45,184,167,64,9,14.3,57.7,5,8,11,8,56.3,6,5,7,22,2340000,11616000.0,20,Brentford
80,Pontus Jansson,SWE,DF,32,7,6,515,5.7,0,0,0,0,1,13,NULL,NULL,NULL,NULL,1,0,81.3,83.1,89.2,58.1,0,9,0,286,47,174,108,4,4,100.0,65.4,1,1,3,2,66.7,8,6,8,25,2028000,2200000.0,18,Brentford
81,Frank Onyeka,NGA,MF,25,12,4,442,4.9,0,1,0,0,3,15,NULL,NULL,NULL,NULL,3,1,75.2,80.6,76.7,54.5,5,11,3,188,12,59,81,49,13,11.1,33.3,9,11,12,9,46.7,8,2,5,7,1924000,5192000.0,15,Brentford
82,Shandon Baptiste,GRN,MF,24,13,4,439,4.9,0,0,1,0,8,32,NULL,NULL,NULL,NULL,2,1,82.7,87.4,88.4,61.1,6,15,8,250,8,55,129,70,4,40.0,33.3,6,11,8,5,46.2,4,1,5,7,1352000,1848000.0,26,Brentford
83,Keane Lewis-Potter,ENG,FW,22,10,3,321,3.6,0,1,0,0,8,6,NULL,NULL,NULL,NULL,7,2,57.0,66.0,70.6,10.0,5,2,3,138,4,24,48,69,18,28.6,50.0,1,4,1,0,NULL,5,1,0,2,1820000,16104000.0,23,Brentford
84,Mikkel Damsgaard,DEN,MF,22,12,1,313,3.5,0,0,2,0,5,16,NULL,NULL,NULL,NULL,4,3,70.5,87.7,68.0,45.5,6,15,6,189,1,27,89,74,14,42.9,30.0,5,4,10,7,31.6,4,0,3,5,2548000,11968000.0,24,Brentford
85,Saman Ghoddos,IRN,MF,29,9,0,90,1.0,0,0,0,0,0,5,NULL,NULL,NULL,NULL,1,1,72.9,90.9,76.5,25.0,1,2,0,63,7,20,27,19,1,0.0,40.0,1,2,1,0,50.0,3,1,3,2,1456000,1144000.0,14,Brentford
86,Kevin Schade,GER,FW,21,4,0,55,0.6,0,0,1,0,1,0,NULL,NULL,NULL,NULL,2,0,66.7,83.3,60.0,0.0,0,0,0,29,0,2,9,18,6,0.0,50.0,1,1,1,0,NULL,1,0,0,1,249600,4312000.0,9,Brentford
87,Halil Dervisoglu,TUR,MF,23,1,0,8,0.1,0,0,0,0,0,0,NULL,NULL,NULL,NULL,1,0,NULL,NULL,NULL,NULL,0,0,0,1,0,0,0,1,0,NULL,NULL,0,0,0,0,0.0,0,0,0,0,NULL,NULL,NULL,Brentford
88,Robert Sanchez,ESP,GK,25,22,22,1980,22.0,0,0,1,0,0,0,NULL,NULL,NULL,NULL,0,0,76.3,99.5,96.8,40.0,0,11,0,791,662,787,4,0,0,NULL,100.0,1,0,1,0,NULL,0,0,3,8,1196000,22176000.0,1,Brighton
89,Lewis Dunk,ENG,DF,31,22,22,1979,22.0,0,0,2,0,11,85,NULL,NULL,NULL,NULL,11,1,90.0,95.2,95.2,67.4,2,106,4,1981,243,1026,912,47,23,100.0,54.2,12,14,14,8,28.6,23,16,23,57,4160000,22088000.0,5,Brighton
90,Pascal Gross,GER,MF,31,22,22,1911,21.2,6,3,2,0,29,151,NULL,NULL,NULL,NULL,21,10,77.3,89.7,82.7,41.8,45,84,34,1470,37,252,658,566,58,41.2,13.8,17,11,36,19,48.4,19,5,10,9,3380000,4576000.0,13,Brighton
91,Solly March,ENG,FW,28,22,22,1897,21.1,5,4,2,0,73,94,NULL,NULL,NULL,NULL,50,19,72.6,85.2,75.9,52.4,36,43,34,1149,36,146,368,645,88,47.1,42.6,35,31,33,19,21.1,25,3,18,21,2236000,5192000.0,7,Brighton
92,Moises Caicedo,ECU,MF,21,21,20,1819,20.2,1,1,6,0,17,128,NULL,NULL,NULL,NULL,15,5,88.3,91.7,90.3,83.5,24,92,26,1429,55,320,812,316,17,52.2,63.2,43,26,59,29,67.6,20,3,31,19,1248000,19536000.0,25,Brighton
93,Alexis Mac Allister,ARG,MF,24,19,18,1637,18.2,5,0,6,0,25,88,NULL,NULL,NULL,NULL,39,16,87.8,90.7,94.0,71.6,20,88,14,1218,32,243,683,301,20,60.7,63.2,19,27,48,28,50.0,15,1,21,5,2496000,29216000.0,10,Brighton
94,Joel Veltman,NED,DF,31,20,16,1463,16.3,0,1,2,0,33,115,NULL,NULL,NULL,NULL,6,1,83.8,90.0,88.7,58.0,7,123,8,1238,75,427,645,173,12,33.3,52.9,18,25,41,23,68.6,22,8,15,45,2600000,6072000.0,34,Brighton
95,Pervis Estupinan,ECU,DF,25,19,16,1322,14.7,0,3,3,0,50,82,NULL,NULL,NULL,NULL,9,0,80.8,89.3,82.2,54.7,23,52,25,1132,48,280,542,317,32,25.0,57.1,21,13,30,18,65.5,16,5,22,22,3068000,30096000.0,30,Brighton
96,Adam Webster,ENG,DF,28,17,15,1320,14.7,0,0,1,0,13,72,NULL,NULL,NULL,NULL,15,1,87.3,92.3,89.7,71.4,3,81,4,1197,102,531,590,82,19,16.7,69.1,7,4,12,8,55.6,18,10,15,38,3016000,17688000.0,4,Brighton
97,Danny Welbeck,ENG,FW,32,16,13,1142,12.7,1,2,0,0,15,21,NULL,NULL,NULL,NULL,32,12,82.4,86.1,87.0,33.3,16,15,7,374,12,22,126,230,66,50.0,52.2,18,8,9,5,66.7,10,1,3,11,2704000,5368000.0,18,Brighton
98,Adam Lallana,ENG,MF,34,16,12,722,8.0,2,1,0,0,10,33,NULL,NULL,NULL,NULL,8,5,82.6,89.2,77.0,66.7,14,23,9,373,6,43,180,151,33,50.0,47.1,2,7,9,4,0.0,6,0,2,1,3640000,880000.0,14,Brighton
99,Kaoru Mitoma,JPN,FW,25,17,10,1020,11.3,5,1,0,0,63,44,NULL,NULL,NULL,NULL,19,11,79.6,89.3,78.4,59.1,14,19,15,627,11,81,229,325,68,51.9,58.3,8,11,23,15,58.8,12,0,7,8,1040000,4752000.0,22,Brighton
100,Levi Colwill,ENG,DF,20,7,5,463,5.1,0,0,0,0,6,20,NULL,NULL,NULL,NULL,1,0,89.4,91.0,91.7,79.5,2,23,3,453,49,240,200,15,1,NULL,75.0,1,3,1,1,0.0,2,1,6,14,780000,8976000.0,6,Brighton
101,Evan Ferguson,IRL,FW,18,7,3,305,3.4,3,2,1,0,2,3,NULL,NULL,NULL,NULL,12,7,79.7,87.5,76.5,100.0,3,1,2,99,1,6,52,42,14,40.0,40.0,3,2,2,0,25.0,4,1,1,0,34320,3256000.0,28,Brighton
102,Tariq Lamptey,GHA,DF,22,19,2,438,4.9,0,0,1,0,27,24,NULL,NULL,NULL,NULL,5,0,79.2,87.5,82.6,20.0,4,14,8,362,15,78,130,157,17,28.6,22.2,6,14,11,6,71.4,7,3,7,2,2184000,7040000.0,2,Brighton
103,Deniz Undav,GER,FW,26,11,2,249,2.8,0,0,0,0,2,3,NULL,NULL,NULL,NULL,13,4,81.0,87.8,81.8,25.0,5,1,2,93,1,6,27,60,22,0.0,50.0,3,1,4,3,100.0,1,0,0,1,1248000,6864000.0,21,Brighton
104,Billy Gilmour,SCO,MF,21,7,2,163,1.8,0,0,1,0,3,17,NULL,NULL,NULL,NULL,2,0,92.2,94.0,95.5,81.3,1,10,4,169,6,40,101,29,3,0.0,25.0,1,0,1,0,14.3,1,0,1,3,1976000,8536000.0,27,Brighton
105,Jeremy Sarmiento,ECU,MF,20,7,1,165,1.8,0,1,1,0,5,8,NULL,NULL,NULL,NULL,5,2,78.0,84.4,82.4,50.0,2,4,3,86,0,12,35,39,10,60.0,0.0,4,4,5,3,50.0,0,0,1,0,624000,1320000.0,19,Brighton
106,Jan Paul van Hecke,NED,DF,22,2,1,80,0.9,0,0,0,0,3,9,NULL,NULL,NULL,NULL,2,0,95.9,100.0,97.1,83.3,0,12,0,108,2,21,79,8,2,NULL,33.3,0,0,2,1,100.0,0,0,4,2,213200,1496000.0,29,Brighton
107,Facundo Buonanotte,ARG,FW,18,2,0,34,0.4,0,0,0,0,1,1,NULL,NULL,NULL,NULL,1,0,78.6,83.3,NULL,50.0,1,1,0,16,0,1,6,10,0,NULL,NULL,1,0,0,0,0.0,0,0,0,0,NULL,NULL,40,Brighton
108,Andrew Moran,IRL,FW,19,1,0,12,0.1,0,0,0,0,0,0,NULL,NULL,NULL,NULL,0,0,50.0,100.0,0.0,NULL,0,0,0,6,0,0,5,1,0,NULL,NULL,0,0,0,0,NULL,1,0,0,0,130000,NULL,59,Brighton
109,Thiago Silva,BRA,DF,38,21,20,1812,20.1,0,2,1,0,4,82,NULL,NULL,NULL,NULL,10,1,90.3,94.8,95.9,64.4,4,90,10,1827,277,945,848,38,18,66.7,68.9,8,10,33,21,77.3,30,22,29,91,4992000,11704000.0,6,Chelsea
110,Kai Havertz,GER,FW,23,23,20,1708,19.0,5,1,4,0,37,53,NULL,NULL,NULL,NULL,41,17,80.6,83.3,88.7,63.6,25,26,15,822,30,81,326,423,111,28.9,56.4,42,15,27,12,36.8,20,0,6,28,7800000,64768000.0,29,Chelsea
111,Mason Mount,ENG,MF,24,23,20,1631,18.1,3,2,4,0,47,97,NULL,NULL,NULL,NULL,32,9,75.2,85.8,76.4,53.0,29,54,26,959,18,109,411,450,56,46.9,39.1,28,26,32,18,56.0,24,6,7,9,3952000,64328000.0,19,Chelsea
112,Marc Cucurella,ESP,DF,24,20,17,1345,14.9,0,2,2,0,23,53,NULL,NULL,NULL,NULL,6,0,83.4,92.4,87.1,51.5,8,57,9,1232,53,381,544,315,10,38.5,52.2,12,15,49,21,57.1,23,6,11,39,5720000,48048000.0,32,Chelsea
113,Kepa Arrizabalaga,ESP,GK,28,16,16,1395,15.5,0,0,1,0,0,0,13,61,50,7,0,0,86.6,98.9,99.5,59.2,0,5,0,610,475,602,8,0,0,NULL,85.7,0,5,2,2,66.7,0,0,0,9,7644000,11352000.0,1,Chelsea
114,Raheem Sterling,ENG,FW,28,18,15,1271,14.1,4,2,3,0,50,40,NULL,NULL,NULL,NULL,26,11,74.2,84.0,73.0,60.0,23,18,23,623,3,47,181,404,79,33.9,25.0,16,21,11,6,62.5,12,0,1,3,18200000,79112000.0,17,Chelsea
115,Kalidou Koulibaly,SEN,DF,31,16,14,1250,13.9,2,0,6,1,9,60,NULL,NULL,NULL,NULL,9,4,86.1,93.8,90.4,52.8,5,66,5,1194,107,540,603,57,16,66.7,55.6,19,6,26,17,57.1,17,4,19,50,15600000,26312000.0,26,Chelsea
116,Ruben Loftus-Cheek,ENG,MF,27,16,14,1093,12.1,0,0,1,0,35,67,NULL,NULL,NULL,NULL,9,2,85.5,88.9,90.7,80.6,8,58,10,763,28,138,425,212,33,50.0,47.5,6,28,20,11,47.1,10,2,9,17,7800000,10032000.0,12,Chelsea
117,Cesar Azpilicueta,ESP,DF,33,19,11,1106,12.3,0,0,3,0,17,58,NULL,NULL,NULL,NULL,7,1,80.7,92.0,81.5,24.1,10,31,16,949,66,331,387,236,17,55.6,60.5,18,5,29,17,80.0,20,4,15,42,7800000,16368000.0,28,Chelsea
118,Trevoh Chalobah,ENG,DF,23,13,11,978,10.9,0,0,3,0,8,32,NULL,NULL,NULL,NULL,5,1,88.8,88.8,93.8,71.9,1,26,1,757,77,386,325,48,9,50.0,57.1,7,6,16,10,62.5,8,3,14,35,2184000,30888000.0,14,Chelsea
119,Reece James,ENG,DF,23,11,10,850,9.4,1,1,3,0,39,59,NULL,NULL,NULL,NULL,11,4,86.1,94.4,85.3,68.1,11,35,13,814,23,162,368,287,15,47.4,55.6,8,11,19,11,72.7,9,1,10,17,13000000,60632000.0,24,Chelsea
120,Conor Gallagher,ENG,MF,23,21,10,848,9.4,1,1,6,1,21,55,NULL,NULL,NULL,NULL,14,6,79.1,87.7,84.9,48.9,17,42,12,645,21,129,309,215,26,38.5,41.9,19,22,28,19,36.4,16,3,12,14,884000,37840000.0,23,Chelsea
121,Mateo Kovacic,CRO,MF,28,16,8,925,10.3,0,1,4,0,24,86,NULL,NULL,NULL,NULL,13,0,84.6,88.2,90.5,62.5,11,88,14,797,17,143,512,149,4,38.5,36.4,10,6,19,13,57.1,5,1,12,9,7800000,30624000.0,8,Chelsea
122,Edouard Mendy,SEN,GK,31,9,8,765,8.5,0,0,1,0,0,0,12,37,25,1,0,0,79.5,100.0,98.9,49.5,0,4,0,286,247,283,3,0,0,0.0,100.0,0,2,0,0,NULL,0,0,0,3,2600000,29128000.0,16,Chelsea
123,Ben Chilwell,ENG,DF,26,13,6,623,6.9,1,1,1,0,21,19,NULL,NULL,NULL,NULL,5,1,78.6,93.3,76.1,37.3,4,17,3,540,10,135,223,185,8,37.5,68.0,7,13,12,8,62.5,4,0,10,12,9880000,27456000.0,5,Chelsea
124,Christian Pulisic,USA,FW,24,16,6,609,6.8,1,1,1,0,28,16,NULL,NULL,NULL,NULL,15,4,80.8,87.2,80.7,61.5,11,12,1,328,3,43,132,161,32,29.4,20.0,9,14,11,6,60.0,4,0,2,4,7800000,31680000.0,10,Chelsea
125,Hakim Ziyech,MAR,FW,29,13,6,572,6.4,0,1,1,0,13,35,NULL,NULL,NULL,NULL,13,2,63.7,86.0,62.9,35.6,10,18,13,415,8,61,162,195,12,46.2,0.0,11,12,19,11,44.4,6,0,4,5,5200000,17160000.0,22,Chelsea
126,Benoit Badiashile,FRA,DF,21,5,5,450,5.0,0,0,1,0,6,23,NULL,NULL,NULL,NULL,4,1,91.3,91.5,94.0,79.1,3,17,5,473,65,262,204,11,6,0.0,71.4,3,3,9,5,71.4,1,1,5,23,4836000,32824000.0,4,Chelsea
127,Pierre-Emerick Aubameyang,GAB,FW,33,12,4,441,4.9,1,0,1,0,7,3,NULL,NULL,NULL,NULL,10,5,71.3,75.9,81.8,66.7,3,2,2,125,6,15,55,58,16,60.0,9.1,4,1,1,0,0.0,1,0,2,4,8840000,15048000.0,9,Chelsea
128,Enzo Fernandez,ARG,MF,22,4,4,360,4.0,0,1,0,0,8,37,NULL,NULL,NULL,NULL,4,0,88.1,87.7,95.2,80.0,3,41,3,401,19,96,250,59,3,57.1,50.0,2,8,15,9,29.4,13,2,8,5,9672000,44000000.0,5,Chelsea
129,Joao Felix,POR,MF,23,4,4,319,3.5,1,0,0,1,13,17,NULL,NULL,NULL,NULL,15,8,75.5,89.5,79.5,35.0,3,15,3,191,0,16,90,87,12,28.6,0.0,7,10,7,4,28.6,1,0,0,0,5772000,38984000.0,11,Chelsea
130,Denis Zakaria,SUI,MF,26,5,4,315,3.5,0,0,0,0,9,5,NULL,NULL,NULL,NULL,2,0,89.3,92.1,97.9,83.3,1,8,0,184,7,49,97,42,2,71.4,0.0,4,2,5,4,25.0,3,0,3,8,2704000,15048000.0,20,Chelsea
131,Lewis Hall,ENG,DF,18,5,4,304,3.4,0,0,1,0,10,9,NULL,NULL,NULL,NULL,5,2,75.4,85.9,76.5,61.5,4,10,3,254,12,99,94,63,10,16.7,66.7,2,8,11,3,66.7,4,0,10,5,520000,NULL,67,Chelsea
132,Wesley Fofana,FRA,DF,22,4,2,297,3.3,0,0,0,0,8,10,NULL,NULL,NULL,NULL,1,0,88.0,93.3,91.4,25.0,0,11,0,296,13,87,179,30,1,33.3,50.0,0,5,5,3,50.0,4,1,7,7,11960000,46112000.0,33,Chelsea
133,Armando Broja,ALB,FW,21,12,2,294,3.3,1,0,0,0,7,4,NULL,NULL,NULL,NULL,6,5,62.3,63.6,60.0,66.7,1,1,1,110,2,7,41,63,16,50.0,30.0,2,6,4,1,100.0,10,1,1,1,4056000,33000000.0,18,Chelsea
134,Mykhailo Mudryk,UKR,FW,22,5,2,182,2.0,0,0,0,0,5,7,NULL,NULL,NULL,NULL,3,0,72.1,78.3,63.6,0.0,0,5,3,102,1,17,34,52,9,18.2,20.0,2,4,6,6,40.0,3,1,0,1,5096000,NULL,15,Chelsea
135,Noni Madueke,ENG,FW,20,3,2,175,1.9,0,0,0,0,6,8,NULL,NULL,NULL,NULL,3,2,79.7,88.9,73.1,83.3,4,5,3,98,0,15,36,49,6,58.3,33.3,1,4,3,3,100.0,8,1,0,0,NULL,11792000.0,31,Chelsea
136,N'Golo Kante,FRA,MF,31,2,2,174,1.9,0,0,0,0,7,9,NULL,NULL,NULL,NULL,2,1,82.9,95.9,79.5,42.9,3,9,3,144,1,15,77,54,4,66.7,0.0,0,0,5,3,50.0,1,0,3,0,15080000,21296000.0,7,Chelsea
137,Carney Chukwuemeka,ENG,MF,19,8,1,202,2.2,0,0,0,0,13,10,NULL,NULL,NULL,NULL,4,1,81.7,83.3,76.9,100.0,3,6,4,129,4,29,45,57,11,28.6,25.0,1,2,8,4,66.7,4,0,4,1,5200000,10296000.0,8,Chelsea
138,Datro Fofana,CIV,FW,20,2,1,61,0.7,0,0,0,0,1,1,NULL,NULL,NULL,NULL,3,1,71.4,75.0,100.0,NULL,2,0,0,27,0,0,9,19,6,66.7,NULL,3,2,2,1,NULL,1,0,0,0,NULL,6336000.0,27,Chelsea
139,Omari Hutchinson,ENG,FW,19,1,0,23,0.3,0,0,0,0,1,0,NULL,NULL,NULL,NULL,0,0,66.7,85.7,100.0,50.0,0,0,0,15,0,0,4,11,2,NULL,NULL,0,0,0,0,NULL,0,0,1,0,728000,NULL,56,Chelsea
140,Vicente Guaita,ESP,GK,36,24,24,2160,24.0,0,0,1,0,0,1,31,109,79,6,0,0,71.2,98.6,97.8,45.4,0,3,0,808,707,806,2,0,0,NULL,91.7,1,3,0,0,NULL,0,0,0,8,3484000,2200000.0,13,Crystal Palace
141,Marc Guehi,ENG,DF,22,23,23,2070,23.0,0,0,7,0,8,68,NULL,NULL,NULL,NULL,8,4,86.2,91.3,93.8,55.6,3,79,1,1516,264,856,631,37,16,37.5,50.9,16,23,35,17,67.9,37,20,26,88,2288000,42064000.0,6,Crystal Palace
142,Jeffrey Schlupp,GHA,MF,30,24,21,1790,19.9,1,0,5,0,23,66,NULL,NULL,NULL,NULL,18,6,75.8,81.0,83.4,53.8,8,42,6,891,51,222,487,198,29,45.7,40.0,38,23,46,33,52.9,29,6,21,27,3120000,4840000.0,15,Crystal Palace
143,Jordan Ayew,GHA,FW,31,24,20,1677,18.6,1,1,2,0,50,35,NULL,NULL,NULL,NULL,13,6,76.4,88.2,75.9,40.0,21,20,9,809,36,126,379,325,47,38.0,34.4,34,53,51,33,45.2,22,2,11,24,2080000,5016000.0,9,Crystal Palace
144,Tyrick Mitchell,ENG,DF,23,22,20,1631,18.1,0,2,4,1,14,64,NULL,NULL,NULL,NULL,3,1,69.8,82.7,74.1,34.3,8,55,11,1064,69,399,453,222,16,47.1,48.3,19,7,37,23,46.7,27,5,21,47,1924000,28688000.0,3,Crystal Palace
145,Wilfried Zaha,CIV,FW,30,19,19,1661,18.5,6,2,3,0,54,45,NULL,NULL,NULL,NULL,39,16,80.0,88.6,84.6,55.6,21,13,25,751,10,80,294,389,91,35.2,27.8,21,57,27,16,46.7,18,1,13,8,6760000,17688000.0,11,Crystal Palace
146,Joachim Andersen,DEN,DF,26,19,19,1657,18.4,1,0,5,0,4,49,NULL,NULL,NULL,NULL,13,7,79.5,90.4,92.3,52.1,4,79,5,1363,261,785,530,52,25,50.0,72.5,17,12,24,11,52.4,18,10,20,136,3900000,39864000.0,16,Crystal Palace
147,Eberechi Eze,ENG,MF,24,24,19,1597,17.7,4,3,1,0,40,69,NULL,NULL,NULL,NULL,40,11,78.5,87.7,81.6,47.0,34,51,17,921,11,151,461,334,39,52.2,34.4,15,34,26,15,41.2,17,0,7,5,NULL,19800000.0,10,Crystal Palace
148,Michael Olise,FRA,MF,21,23,17,1544,17.2,2,5,2,0,59,74,NULL,NULL,NULL,NULL,25,6,70.5,87.9,74.0,40.7,40,48,22,1053,12,132,447,491,44,40.8,28.0,15,33,34,18,43.8,26,1,10,10,2288000,19624000.0,7,Crystal Palace
149,Nathaniel Clyne,ENG,DF,31,18,16,1386,15.4,0,0,3,0,12,46,NULL,NULL,NULL,NULL,0,0,77.4,88.0,80.2,34.3,5,45,4,848,41,272,414,166,3,40.0,28.6,8,7,24,13,68.4,18,3,18,34,3588000,2112000.0,17,Crystal Palace
150,Joel Ward,ENG,DF,33,16,14,1295,14.4,0,0,4,0,7,49,NULL,NULL,NULL,NULL,1,0,74.8,87.7,79.1,35.1,2,37,3,810,81,341,325,148,11,66.7,60.9,18,7,26,17,87.5,21,12,15,46,2080000,1320000.0,2,Crystal Palace
151,Odsonne Edouard,FRA,FW,25,22,12,1124,12.5,3,2,3,0,20,29,NULL,NULL,NULL,NULL,26,10,71.9,81.0,62.5,50.0,12,7,9,455,20,52,222,186,56,30.0,44.6,15,10,21,10,60.0,10,5,3,17,4368000,18392000.0,22,Crystal Palace
152,Jean-Philippe Mateta,FRA,FW,25,20,6,660,7.3,1,0,2,0,6,5,NULL,NULL,NULL,NULL,23,6,70.0,75.9,69.6,75.0,5,4,0,224,15,32,90,103,30,33.3,36.7,11,5,4,1,33.3,3,1,3,15,2600000,12144000.0,14,Crystal Palace
153,Will Hughes,ENG,MF,27,16,3,376,4.2,0,0,4,0,5,13,NULL,NULL,NULL,NULL,2,2,73.5,85.9,72.4,43.8,1,12,3,212,13,53,101,61,6,0.0,37.5,12,5,14,7,50.0,9,4,8,1,2392000,4576000.0,19,Crystal Palace
154,Chris Richards,USA,DF,22,8,3,357,4.0,0,0,0,0,2,9,NULL,NULL,NULL,NULL,4,0,82.2,81.6,87.8,65.2,1,8,0,208,41,109,80,19,5,NULL,83.3,1,1,7,5,66.7,9,1,8,28,2704000,6776000.0,26,Crystal Palace
155,Luka Milivojevic,SRB,MF,31,11,2,293,3.3,0,0,0,0,1,14,NULL,NULL,NULL,NULL,5,0,81.5,91.0,82.6,61.1,2,11,1,202,16,72,98,35,0,NULL,75.0,8,2,10,6,100.0,8,1,6,8,4160000,1496000.0,4,Crystal Palace
156,James Tomkins,ENG,DF,33,4,2,247,2.7,1,0,2,1,1,1,NULL,NULL,NULL,NULL,2,1,81.6,85.4,91.0,45.0,0,1,0,160,22,111,45,4,1,100.0,40.0,2,1,3,2,50.0,2,1,3,11,2600000,528000.0,5,Crystal Palace
157,Albert Sambi Lokonga,BEL,MF,23,4,2,206,2.3,0,0,1,0,0,8,NULL,NULL,NULL,NULL,0,0,83.8,88.0,93.6,64.3,0,6,0,136,8,40,76,21,0,100.0,36.4,2,6,5,5,25.0,2,1,2,3,2756000,9592000.0,8,Crystal Palace
158,Jairo Riedewald,NED,DF,26,4,0,49,0.5,0,0,0,0,1,0,NULL,NULL,NULL,NULL,0,0,74.3,94.4,69.2,0.0,0,1,0,42,6,16,16,10,0,NULL,50.0,1,0,2,1,0.0,1,0,0,4,2340000,1936000.0,44,Crystal Palace
159,Naouirou Ahamada,FRA,FW,20,3,0,27,0.3,0,0,0,0,1,1,NULL,NULL,NULL,NULL,2,0,71.4,80.0,75.0,50.0,0,2,0,28,0,5,15,8,3,50.0,0.0,0,0,0,0,NULL,1,0,0,0,NULL,9328000.0,29,Crystal Palace
160,David Ozoh,NULL,FW,17,1,0,1,0.0,0,0,0,0,0,0,NULL,NULL,NULL,NULL,0,0,100.0,100.0,NULL,NULL,0,0,0,4,0,0,0,4,0,NULL,NULL,0,0,0,0,NULL,0,0,0,0,9360,NULL,77,Crystal Palace
161,James Tarkowski,ENG,DF,30,25,25,2250,25.0,1,0,5,0,9,70,NULL,NULL,NULL,NULL,20,7,82.7,89.8,88.7,58.4,10,74,2,1561,263,812,700,57,44,85.7,71.0,27,15,28,15,52.4,68,53,32,136,4680000,17600000.0,2,Everton
162,Alex Iwobi,NGA,MF,26,25,25,2211,24.6,1,6,2,0,45,120,NULL,NULL,NULL,NULL,22,7,77.7,86.4,81.4,65.3,40,90,32,1279,36,247,628,426,36,48.4,25.0,13,7,51,28,62.5,25,1,15,22,5200000,19888000.0,17,Everton
163,Vitaliy Mykolenko,UKR,DF,23,25,25,2138,23.8,0,0,3,0,30,86,NULL,NULL,NULL,NULL,8,3,76.0,88.5,76.7,45.2,17,77,21,1338,100,469,576,303,21,45.8,39.6,25,15,42,22,52.6,38,14,32,73,2444000,28424000.0,19,Everton
164,Jordan Pickford,ENG,GK,28,24,24,2160,24.0,0,1,5,0,0,1,36,119,83,5,0,0,60.7,99.2,98.9,40.5,2,36,1,949,709,928,22,0,0,NULL,62.5,1,2,0,0,NULL,0,0,2,14,5720000,22968000.0,1,Everton
165,Conor Coady,ENG,DF,30,22,22,1970,21.9,1,1,2,0,4,39,NULL,NULL,NULL,NULL,4,2,84.7,93.7,93.3,57.8,4,71,3,1295,221,750,524,29,10,0.0,50.0,11,12,14,9,46.7,20,16,14,85,3224000,17600000.0,30,Everton
166,Amadou Onana,BEL,MF,21,23,21,1806,20.1,1,1,7,0,22,48,NULL,NULL,NULL,NULL,24,4,83.1,88.6,86.0,65.6,12,57,8,965,42,216,560,204,37,37.5,51.7,34,39,55,36,66.7,18,4,22,29,1976000,24024000.0,8,Everton
167,Demarai Gray,ENG,FW,26,23,19,1760,19.6,3,1,1,0,69,40,NULL,NULL,NULL,NULL,39,16,68.5,89.5,75.7,37.3,26,26,17,888,17,79,336,485,74,32.3,26.9,11,28,17,13,62.5,12,2,10,15,2184000,11176000.0,11,Everton
168,Dwight McNeil,ENG,FW,23,23,15,1328,14.8,2,2,3,0,39,40,NULL,NULL,NULL,NULL,19,3,68.9,84.0,78.6,41.7,24,26,15,739,19,128,285,339,34,47.5,23.5,10,10,38,24,50.0,26,0,15,16,4004000,30272000.0,7,Everton
169,Seamus Coleman,IRL,DF,34,17,14,1187,13.2,1,0,0,0,11,40,NULL,NULL,NULL,NULL,4,1,79.8,88.0,84.6,49.2,2,21,13,703,59,257,292,160,11,45.8,52.2,5,12,25,19,63.2,12,6,18,45,3536000,1056000.0,23,Everton
170,Nathan Patterson,SCO,DF,21,13,11,988,11.0,0,0,3,0,13,20,NULL,NULL,NULL,NULL,8,1,76.6,90.7,75.6,34.0,4,16,6,661,49,233,240,195,16,45.0,46.7,8,10,39,17,69.7,19,3,11,34,2028000,8096000.0,3,Everton
171,Neal Maupay,FRA,FW,26,18,10,940,10.4,1,0,3,0,7,8,NULL,NULL,NULL,NULL,27,11,73.7,82.1,75.5,75.0,6,7,2,320,1,23,145,157,43,38.5,28.0,11,18,10,5,100.0,4,0,3,0,2548000,12760000.0,20,Everton
172,Dominic Calvert-Lewin,ENG,FW,25,11,9,731,8.1,1,0,1,0,11,8,NULL,NULL,NULL,NULL,16,4,61.9,67.1,57.6,60.0,4,8,1,225,6,17,99,115,36,55.6,46.1,12,8,3,1,25.0,2,0,1,5,4472000,15664000.0,9,Everton
173,Abdoulaye Doucoure,MLI,MF,30,15,7,666,7.4,0,0,4,0,10,22,NULL,NULL,NULL,NULL,6,1,80.1,81.0,86.6,55.6,6,15,4,342,10,80,161,108,19,80.0,33.3,7,3,12,7,36.4,8,1,7,5,6240000,6072000.0,16,Everton
174,Tom Davies,ENG,MF,24,14,4,464,5.2,0,0,2,0,2,25,NULL,NULL,NULL,NULL,9,2,74.5,77.7,85.5,53.8,1,19,1,261,12,67,149,46,13,50.0,36.8,6,5,11,8,57.1,8,1,4,7,2028000,4576000.0,26,Everton
175,Mason Holgate,ENG,DF,26,5,3,365,4.1,0,0,1,0,4,10,NULL,NULL,NULL,NULL,3,0,71.8,82.9,88.4,39.0,3,9,1,212,30,96,105,11,4,100.0,50.0,4,4,8,4,42.9,7,3,6,24,3744000,18128000.0,4,Everton
176,Ben Godfrey,ENG,DF,25,5,3,241,2.7,0,0,1,0,1,5,NULL,NULL,NULL,NULL,3,0,77.4,90.3,79.2,54.5,2,8,0,120,13,52,58,14,3,50.0,66.7,4,1,5,3,44.4,6,2,2,5,3536000,15048000.0,4,Everton
177,Yerry Mina,COL,DF,28,3,3,234,2.6,1,0,1,0,1,7,NULL,NULL,NULL,NULL,3,2,89.7,91.9,90.9,63.6,0,10,0,207,25,92,107,9,3,NULL,50.0,4,3,9,4,100.0,2,1,2,9,6240000,12232000.0,13,Everton
178,Michael Keane,ENG,DF,30,2,1,113,1.3,0,0,0,0,0,1,NULL,NULL,NULL,NULL,0,0,77.4,100.0,85.7,33.3,0,2,0,41,8,27,11,3,0,100.0,50.0,1,0,0,0,NULL,2,0,1,6,3588000,15224000.0,5,Everton
179,Ellis Simms,ENG,FW,22,5,1,102,1.1,0,0,0,0,0,3,NULL,NULL,NULL,NULL,2,0,63.3,69.2,55.6,100.0,1,3,1,38,0,0,21,18,4,100.0,42.9,0,0,0,0,NULL,0,0,0,0,NULL,2376000.0,50,Everton
180,Asmir Begovic,BIH,GK,35,1,1,90,1.0,0,0,0,0,0,0,NULL,NULL,NULL,NULL,0,0,70.0,100.0,100.0,47.1,0,0,0,33,31,33,0,0,0,NULL,100.0,0,0,0,0,NULL,0,0,0,1,2236000,440000.0,15,Everton
181,James Garner,ENG,MF,21,6,0,142,1.6,0,0,1,0,1,5,NULL,NULL,NULL,NULL,2,1,74.7,90.0,91.2,10.0,0,6,0,99,6,18,57,26,4,50.0,66.7,4,0,6,5,25.0,2,0,4,1,2080000,17512000.0,37,Everton
182,Isaac Price,NIR,MF,19,1,0,33,0.4,0,0,1,0,1,1,NULL,NULL,NULL,NULL,0,0,85.7,85.7,83.3,100.0,1,1,0,17,1,5,10,2,0,100.0,NULL,0,0,0,0,0.0,1,1,0,0,57200,NULL,60,Everton
183,Ruben Vinagre,POR,DF,23,2,0,26,0.3,0,0,0,0,2,0,NULL,NULL,NULL,NULL,0,0,62.5,70.0,70.0,NULL,0,2,0,31,1,7,16,9,0,33.3,0.0,0,3,2,2,50.0,0,0,0,1,936000,6512000.0,29,Everton
184,Tim Ream,USA,DF,35,25,25,2247,25.0,1,0,2,0,19,91,NULL,NULL,NULL,NULL,3,2,86.3,88.2,92.7,70.9,1,94,0,1639,236,865,733,51,12,72.7,60.0,13,6,26,14,45.0,34,20,38,88,1404000,4664000.0,13,Fulham
185,Andreas Pereira,BRA,MF,27,25,25,2075,23.1,2,6,7,0,41,89,NULL,NULL,NULL,NULL,33,13,64.7,78.9,71.0,48.1,54,67,19,986,12,76,465,457,44,33.3,23.3,30,25,13,6,31.6,19,3,4,5,2756000,11176000.0,18,Fulham
186,Joao Palhinha,POR,MF,27,24,24,2135,23.7,3,0,10,0,4,73,NULL,NULL,NULL,NULL,30,8,81.1,85.6,85.5,67.7,3,82,3,1144,58,270,716,170,27,33.3,64.1,27,33,101,58,58.4,33,4,33,49,3120000,16104000.0,26,Fulham
187,Harrison Reed,ENG,MF,28,24,24,1950,21.7,2,1,5,0,20,65,NULL,NULL,NULL,NULL,16,4,75.9,84.1,82.5,54.8,22,52,21,1028,39,186,566,284,27,35.3,45.7,24,15,26,18,34.5,34,4,14,28,2132000,5192000.0,6,Fulham
188,Bernd Leno,GER,GK,30,23,23,2070,23.0,0,0,2,0,0,0,29,121,92,7,0,0,77.3,100.0,99.4,44.9,1,10,0,933,730,927,6,0,0,NULL,100.0,0,1,0,0,0.0,0,0,0,12,4576000,13904000.0,17,Fulham
189,Antonee Robinson,USA,DF,25,22,22,1918,21.3,0,1,6,0,71,77,NULL,NULL,NULL,NULL,1,0,73.3,86.2,77.6,45.5,15,61,26,1354,75,464,573,340,20,43.5,57.9,21,14,34,21,79.3,36,10,29,50,1716000,10032000.0,33,Fulham
190,Aleksandar Mitrovic,SRB,FW,28,19,19,1633,18.1,11,1,5,0,19,35,NULL,NULL,NULL,NULL,76,24,60.4,67.3,63.4,63.2,15,21,7,662,22,66,321,280,119,51.3,50.0,29,31,12,6,50.0,15,4,3,16,3536000,20592000.0,9,Fulham
191,Kenny Tete,NED,DF,27,19,18,1596,17.7,0,4,6,0,43,60,NULL,NULL,NULL,NULL,9,3,72.7,85.8,72.5,46.7,16,42,14,1179,68,338,582,275,17,62.5,57.1,24,27,58,32,83.9,29,12,27,56,1820000,5280000.0,2,Fulham
192,Willian,BRA,FW,34,18,16,1377,15.3,3,2,1,0,58,70,NULL,NULL,NULL,NULL,24,11,78.3,85.0,81.2,65.4,28,27,19,682,4,81,256,358,46,52.4,26.1,7,17,11,6,38.9,8,0,8,5,2132000,2288000.0,20,Fulham
193,Issa Diop,FRA,DF,26,17,14,1326,14.7,1,0,2,0,7,49,NULL,NULL,NULL,NULL,3,2,84.9,86.9,92.1,60.6,1,47,2,1030,108,485,537,20,8,66.7,57.5,8,4,20,14,55.6,19,14,26,44,3432000,16808000.0,31,Fulham
194,Tosin Adarabioyo,ENG,DF,25,14,12,1095,12.2,1,0,2,0,6,36,NULL,NULL,NULL,NULL,4,2,80.1,87.3,88.5,48.4,1,29,2,709,116,385,311,18,3,66.7,83.9,8,3,13,5,66.7,10,8,13,65,1924000,12496000.0,4,Fulham
195,Neeskens Kebano,COD,FW,30,12,9,713,7.9,0,3,0,0,37,21,NULL,NULL,NULL,NULL,9,2,73.9,88.3,75.5,44.4,11,2,9,285,10,46,80,166,27,32.1,7.7,8,15,12,5,53.8,12,0,1,8,1612000,2464000.0,7,Fulham
196,Carlos Vinicius,BRA,FW,27,17,5,554,6.2,1,1,2,0,2,6,NULL,NULL,NULL,NULL,10,6,54.5,66.7,54.5,40.0,5,6,2,182,9,12,70,102,27,14.3,32.5,12,9,2,0,0.0,4,0,0,6,2964000,4048000.0,30,Fulham
197,Harry Wilson,WAL,FW,25,16,4,422,4.7,0,0,1,0,8,16,NULL,NULL,NULL,NULL,8,1,74.9,88.2,80.7,38.9,2,7,4,229,9,40,88,103,14,75.0,57.1,5,10,11,7,42.9,5,0,3,6,2132000,16808000.0,8,Fulham
198,Marek Rodak,SVK,GK,26,2,2,180,2.0,0,0,0,0,0,0,NULL,NULL,NULL,NULL,0,0,47.5,100.0,88.9,35.4,0,0,0,65,58,65,0,0,0,NULL,100.0,0,0,0,0,NULL,0,0,0,1,728000,5192000.0,1,Fulham
199,Layvin Kurzawa,FRA,DF,30,3,2,135,1.5,0,0,1,0,1,2,NULL,NULL,NULL,NULL,0,0,68.3,92.3,73.7,0.0,0,1,1,64,8,35,18,11,0,50.0,0.0,1,0,3,2,100.0,1,1,2,4,4628000,2992000.0,3,Fulham
200,Tom Cairney,SCO,MF,32,22,1,471,5.2,0,0,1,0,21,50,NULL,NULL,NULL,NULL,11,0,85.5,91.6,85.6,72.9,10,37,11,466,2,71,220,184,18,45.5,50.0,3,8,13,4,100.0,8,1,2,2,1404000,1320000.0,10,Fulham
201,Jay Stansfield,ENG,FW,20,3,1,87,1.0,0,0,0,0,2,0,NULL,NULL,NULL,NULL,2,0,39.1,87.5,14.3,0.0,1,0,0,35,2,7,14,15,7,NULL,0.0,1,1,0,0,0.0,4,1,1,1,NULL,NULL,NULL,Fulham
202,Manor Solomon,ISR,FW,23,7,0,133,1.5,3,0,0,0,5,10,NULL,NULL,NULL,NULL,4,4,79.2,81.0,85.0,33.3,2,2,3,69,2,17,21,33,4,50.0,100.0,0,1,4,2,80.0,0,0,2,0,1196000,5368000.0,11,Fulham
203,Sasa Lukic,SRB,MF,26,2,0,46,0.5,0,0,0,0,2,3,NULL,NULL,NULL,NULL,1,0,93.9,100.0,100.0,50.0,0,3,0,39,2,7,20,12,3,100.0,NULL,2,2,2,2,NULL,1,0,1,0,3172000,13024000.0,28,Fulham
204,Luke Harris,WAL,MF,17,3,0,13,0.1,0,0,0,0,0,1,NULL,NULL,NULL,NULL,0,0,92.9,100.0,80.0,NULL,0,1,0,14,0,0,8,6,0,NULL,NULL,1,0,0,0,NULL,0,0,0,0,104000,NULL,38,Fulham
205,Shane Duffy,IRL,FW,31,4,0,6,0.1,0,0,0,0,0,0,NULL,NULL,NULL,NULL,0,0,50.0,100.0,NULL,0.0,0,0,0,5,0,2,3,0,0,NULL,66.7,0,1,0,0,NULL,0,0,0,0,2756000,1056000.0,5,Fulham
206,Tyrese Francois,AUS,FW,22,1,0,1,0.0,0,0,0,0,0,0,NULL,NULL,NULL,NULL,0,0,100.0,100.0,NULL,NULL,0,1,0,5,0,1,3,1,0,NULL,NULL,0,0,0,0,NULL,0,0,0,1,NULL,176000.0,35,Fulham
207,Cedric Soares,POR,DF,31,1,0,1,0.0,0,0,0,0,0,2,NULL,NULL,NULL,NULL,0,0,100.0,100.0,NULL,NULL,0,1,0,2,0,0,2,0,0,NULL,NULL,0,0,0,0,NULL,0,0,0,0,4004000,3696000.0,12,Fulham
208,Illan Meslier,FRA,GK,23,24,24,2160,24.0,0,0,2,0,0,0,39,109,71,5,0,0,61.8,97.1,98.0,29.7,0,11,1,799,643,794,5,1,0,NULL,81.8,1,3,1,0,33.3,0,0,1,18,2132000,26048000.0,1,Leeds
209,Robin Koch,GER,DF,26,23,23,2022,22.5,0,0,5,0,8,68,NULL,NULL,NULL,NULL,7,1,76.9,84.1,86.0,49.5,1,75,3,1282,169,696,545,50,13,NULL,64.3,25,13,37,21,56.3,30,13,34,88,1976000,7744000.0,5,Leeds
210,Tyler Adams,USA,MF,24,22,22,1976,22.0,0,0,6,1,15,126,NULL,NULL,NULL,NULL,2,0,82.0,88.0,84.1,59.6,23,99,12,1492,38,337,931,235,5,25.0,61.1,37,21,84,42,67.6,44,8,30,27,2964000,33968000.0,12,Leeds
211,Brenden Aaronson,USA,MF,22,23,20,1718,19.1,1,2,2,0,28,64,NULL,NULL,NULL,NULL,31,5,74.6,81.5,77.4,36.4,33,33,12,835,8,82,356,414,50,33.8,21.4,12,42,31,11,34.5,30,2,1,5,2236000,30712000.0,7,Leeds
212,Pascal Struijk,NED,DF,23,20,20,1677,18.6,2,1,4,0,22,100,NULL,NULL,NULL,NULL,13,6,78.9,88.4,79.2,44.0,12,77,12,1300,61,382,579,345,25,50.0,56.4,25,11,63,44,61.8,25,7,26,49,1508000,16544000.0,21,Leeds
213,Jack Harrison,ENG,FW,26,22,20,1575,17.5,1,5,2,0,65,65,NULL,NULL,NULL,NULL,21,7,61.8,80.4,60.2,32.1,34,40,27,929,13,85,339,514,52,45.5,12.1,25,24,28,11,32.0,24,1,8,8,3120000,23584000.0,11,Leeds
214,Marc Roca,ESP,MF,26,21,19,1466,16.3,1,1,4,0,16,115,NULL,NULL,NULL,NULL,16,6,76.9,86.1,80.5,47.8,17,109,11,1041,31,224,611,211,18,68.8,56.5,20,15,41,27,32.4,21,7,19,15,3328000,8888000.0,8,Leeds
215,Rodrigo,ESP,FW,31,18,17,1296,14.4,10,1,3,0,31,30,NULL,NULL,NULL,NULL,52,19,70.3,78.4,69.2,57.5,13,19,11,549,15,49,260,242,78,37.5,31.1,16,4,10,4,40.0,10,2,3,16,5200000,5544000.0,19,Leeds
216,Liam Cooper,SCO,DF,31,13,12,1106,12.3,1,0,2,0,1,26,NULL,NULL,NULL,NULL,9,2,78.8,87.7,83.8,45.2,4,29,0,743,80,387,333,29,18,33.3,63.0,9,8,27,19,66.7,8,3,25,42,1820000,4488000.0,6,Leeds
217,Luke Ayling,ENG,DF,31,17,10,974,10.8,0,1,1,0,15,45,NULL,NULL,NULL,NULL,11,2,70.2,83.9,72.3,48.7,5,36,11,701,32,244,292,179,25,33.3,50.0,7,20,36,18,59.5,20,7,13,23,1820000,2112000.0,2,Leeds
218,Patrick Bamford,ENG,FW,29,17,9,825,9.2,1,2,1,0,8,13,NULL,NULL,NULL,NULL,27,12,71.9,78.3,62.5,25.0,8,10,5,284,9,20,122,144,51,16.7,43.2,15,13,7,4,23.1,5,1,0,7,3848000,12056000.0,9,Leeds
219,Luis Sinisterra,COL,FW,23,12,8,537,6.0,2,0,3,1,18,21,NULL,NULL,NULL,NULL,13,5,82.3,85.5,90.3,81.8,4,12,8,297,2,26,142,133,19,46.4,52.6,9,9,14,9,58.3,4,0,6,1,3640000,15136000.0,23,Leeds
220,Crysencio Summerville,NED,FW,21,17,7,853,9.5,4,1,2,0,35,27,NULL,NULL,NULL,NULL,20,8,73.2,79.3,78.0,40.0,7,11,10,421,5,60,161,211,42,33.3,30.8,14,23,18,13,50.0,10,1,5,8,436800,6952000.0,10,Leeds
221,Maximilian Wober,AUT,DF,25,7,6,520,5.8,0,0,1,0,6,30,NULL,NULL,NULL,NULL,7,1,72.5,77.7,86.4,36.8,4,27,2,381,36,162,191,30,9,NULL,62.5,3,1,11,8,61.5,9,6,9,18,NULL,14344000.0,39,Leeds
222,Junior Firpo,ESP,DF,26,8,4,479,5.3,1,0,2,0,7,25,NULL,NULL,NULL,NULL,1,1,74.4,78.9,83.2,36.0,6,20,4,299,14,96,159,49,6,60.0,41.7,9,2,17,9,44.4,11,4,8,10,2860000,3080000.0,3,Leeds
223,Weston McKennie,USA,MF,24,5,4,375,4.2,0,0,3,0,4,27,NULL,NULL,NULL,NULL,2,0,79.7,79.1,85.2,66.7,4,13,7,226,8,49,119,60,3,75.0,66.7,5,0,7,3,0.0,10,0,5,9,1872000,19888000.0,28,Leeds
224,Sam Greenwood,ENG,MF,21,14,2,328,3.6,1,2,1,0,6,12,NULL,NULL,NULL,NULL,11,2,61.4,86.2,55.6,37.8,12,12,1,207,4,39,89,83,5,20.0,25.0,8,2,11,7,35.7,7,1,1,1,135200,3432000.0,42,Leeds
225,Adam Forshaw,ENG,MF,31,5,2,159,1.8,0,0,0,0,0,8,NULL,NULL,NULL,NULL,0,0,83.1,94.4,90.9,36.4,2,8,0,79,2,14,56,11,0,80.0,0.0,2,3,2,1,16.7,3,0,0,1,1456000,616000.0,4,Leeds
226,Cody Drameh,ENG,DF,21,1,1,69,0.8,0,0,0,0,0,2,NULL,NULL,NULL,NULL,0,0,78.9,81.0,91.7,40.0,0,2,0,44,1,7,26,11,0,100.0,100.0,1,0,5,4,66.7,0,0,1,1,228800,NULL,NULL,Leeds
227,Georginio Rutter,FRA,FW,20,5,0,114,1.3,0,0,0,0,3,0,NULL,NULL,NULL,NULL,1,0,50.0,70.0,44.4,100.0,2,1,0,54,2,5,21,28,5,35.7,66.7,4,3,4,4,66.7,0,0,2,2,3692000,20944000.0,24,Leeds
228,Darko Gyabi,ENG,FW,19,1,0,8,0.1,0,0,0,0,0,2,NULL,NULL,NULL,NULL,1,0,100.0,100.0,100.0,NULL,0,0,0,8,0,1,4,3,1,0.0,NULL,0,1,2,2,NULL,2,0,0,0,280800,NULL,18,Leeds
229,Danny Ward,WAL,GK,29,24,24,2160,24.0,0,0,0,0,0,0,42,108,69,6,0,0,74.0,98.9,99.1,41.5,0,6,0,931,754,927,5,0,0,NULL,100.0,0,5,1,1,33.3,0,0,0,13,1924000,3080000.0,1,Leicester
230,Timothy Castagne,BEL,DF,27,23,22,1995,22.2,1,2,2,0,30,63,NULL,NULL,NULL,NULL,11,3,79.8,88.3,78.3,52.4,14,57,15,1418,90,499,582,342,36,38.9,43.7,17,8,54,32,54.3,33,9,21,66,3484000,25344000.0,27,Leicester
231,Harvey Barnes,ENG,MF,25,22,22,1876,20.8,8,1,1,0,67,50,NULL,NULL,NULL,NULL,49,24,70.2,78.0,67.4,48.4,12,25,22,801,9,82,310,421,92,23.3,33.8,27,23,18,11,35.7,24,0,6,7,5200000,33528000.0,7,Leicester
232,Kiernan Dewsbury-Hall,ENG,MF,24,22,21,1686,18.7,2,2,2,0,53,100,NULL,NULL,NULL,NULL,17,4,74.7,84.5,79.0,50.8,30,84,18,1092,28,190,589,328,37,50.0,54.5,24,20,37,22,40.6,37,4,19,15,3900000,30448000.0,22,Leicester
233,Youri Tielemans,BEL,MF,25,23,19,1708,19.0,3,1,3,0,27,143,NULL,NULL,NULL,NULL,22,7,82.2,89.7,86.3,61.1,24,128,26,1438,41,333,818,303,10,66.7,63.0,24,14,48,28,48.8,31,6,19,16,6240000,44968000.0,8,Leicester
234,Wout Faes,BEL,DF,24,18,18,1620,18.0,0,0,3,0,5,51,NULL,NULL,NULL,NULL,4,1,86.2,89.4,92.7,55.7,3,45,5,1385,211,768,605,19,7,50.0,57.9,17,9,36,20,73.1,25,17,25,60,2912000,28688000.0,3,Leicester
235,James Maddison,ENG,MF,26,17,16,1363,15.1,9,5,6,0,36,93,NULL,NULL,NULL,NULL,51,16,76.5,87.4,80.2,50.5,38,74,13,840,9,84,396,364,60,35.9,22.2,18,38,28,13,37.5,9,0,9,5,5720000,33616000.0,10,Leicester
236,Daniel Amartey,GHA,DF,28,17,15,1365,15.2,0,0,1,0,18,62,NULL,NULL,NULL,NULL,3,2,91.5,94.1,94.8,69.0,5,52,1,1091,159,564,489,40,5,40.0,55.8,7,3,17,6,83.3,19,12,8,58,2964000,2640000.0,18,Leicester
237,James Justin,ENG,DF,25,14,14,1252,13.9,0,0,0,0,20,47,NULL,NULL,NULL,NULL,5,0,81.4,90.9,84.8,48.1,7,48,12,980,48,296,475,216,8,21.1,41.8,8,29,20,18,69.2,24,6,15,47,5200000,17336000.0,2,Leicester
238,Boubakary Soumare,FRA,MF,24,16,12,882,9.8,0,0,4,0,10,35,NULL,NULL,NULL,NULL,1,0,88.6,93.8,87.4,81.5,2,32,1,624,26,203,385,44,0,66.7,50.0,15,10,38,25,64.0,7,2,16,16,4316000,16104000.0,42,Leicester
239,Jamie Vardy,ENG,FW,36,24,11,1220,13.6,1,4,1,0,12,8,NULL,NULL,NULL,NULL,16,7,53.5,62.0,54.2,50.0,11,7,4,282,23,37,107,140,50,28.6,39.4,15,2,7,3,33.3,10,1,2,20,8320000,10560000.0,9,Leicester
240,Wilfred Ndidi,NGA,MF,26,16,11,974,10.8,0,0,3,0,9,38,NULL,NULL,NULL,NULL,5,2,86.8,93.5,89.1,53.2,2,40,0,722,52,244,426,62,4,80.0,41.7,18,8,32,23,34.6,19,9,17,23,3952000,24024000.0,25,Leicester
241,Jonny Evans,NIR,DF,35,9,9,810,9.0,0,0,0,0,6,31,NULL,NULL,NULL,NULL,1,1,89.3,92.4,94.7,70.3,1,40,1,753,95,367,379,8,2,NULL,64.5,7,4,10,4,60.0,6,5,16,32,5200000,2640000.0,6,Leicester
242,Patson Daka,ZAM,FW,24,18,9,720,8.0,3,3,2,0,11,11,NULL,NULL,NULL,NULL,19,11,66.0,74.2,69.6,25.0,10,5,5,250,11,24,96,132,36,44.4,36.7,12,6,8,5,25.0,7,2,3,6,4108000,22792000.0,20,Leicester
243,Luke Thomas,ENG,DF,21,10,8,691,7.7,0,0,1,0,5,35,NULL,NULL,NULL,NULL,2,0,79.6,88.5,82.4,55.6,3,26,3,542,24,216,260,70,3,50.0,50.0,6,7,12,11,47.4,12,2,21,21,1300000,13376000.0,33,Leicester
244,Kelechi Iheanacho,NGA,FW,26,18,5,578,6.4,3,4,0,0,18,14,NULL,NULL,NULL,NULL,22,7,73.9,84.0,73.5,45.5,13,8,5,243,6,14,99,134,33,50.0,15.0,9,1,3,1,40.0,5,1,0,5,4680000,15048000.0,14,Leicester
245,Dennis Praet,BEL,MF,28,14,5,469,5.2,1,0,1,0,11,11,NULL,NULL,NULL,NULL,3,1,73.1,86.5,76.5,37.5,0,5,3,227,10,47,108,77,7,55.6,9.1,6,7,10,7,66.7,10,2,4,4,4004000,7656000.0,26,Leicester
246,Nampalys Mendy,SEN,MF,30,12,4,478,5.3,1,0,1,0,1,17,NULL,NULL,NULL,NULL,2,1,86.7,91.9,91.0,70.6,2,9,1,313,8,85,206,25,1,100.0,16.7,5,7,7,4,55.6,9,2,9,2,2548000,2816000.0,24,Leicester
247,Harry Souttar,AUS,DF,24,4,4,360,4.0,0,1,1,0,3,13,NULL,NULL,NULL,NULL,2,0,79.7,92.5,85.7,47.8,2,18,1,211,34,103,105,6,5,NULL,75.0,2,2,6,5,41.7,9,6,3,13,NULL,3432000.0,15,Leicester
248,Tete,BRA,FW,23,4,4,293,3.3,1,0,0,0,12,7,NULL,NULL,NULL,NULL,8,1,76.9,85.5,68.2,80.0,2,3,1,129,1,17,70,47,14,61.5,11.1,1,7,5,3,12.5,5,0,1,0,NULL,14608000.0,37,Leicester
249,Wesley Fofana,FRA,DF,22,2,2,180,2.0,0,0,1,0,3,6,NULL,NULL,NULL,NULL,2,1,83.6,100.0,86.5,46.2,0,16,0,169,11,68,97,7,3,66.7,45.5,2,3,4,2,33.3,1,1,9,5,NULL,NULL,NULL,Leicester
250,Caglar Soyuncu,TUR,DF,26,2,1,79,0.9,0,0,1,0,1,3,NULL,NULL,NULL,NULL,0,0,79.6,94.4,80.8,20.0,0,2,0,57,11,37,20,0,0,NULL,0.0,1,0,2,1,100.0,2,1,1,2,2340000,10472000.0,4,Leicester
251,Lewis Brunt,ENG,DF,22,1,0,23,0.3,0,0,0,0,0,0,NULL,NULL,NULL,NULL,0,0,81.0,87.5,90.9,0.0,0,0,0,23,1,8,12,3,0,NULL,NULL,0,1,0,0,NULL,0,0,0,2,520000,NULL,34,Leicester
252,Ricardo Pereira,POR,FW,29,2,0,9,0.1,0,0,0,0,0,0,NULL,NULL,NULL,NULL,0,0,83.3,83.3,NULL,NULL,0,0,0,8,0,2,4,3,0,NULL,0.0,0,0,0,0,0.0,0,0,0,0,6240000,11176000.0,21,Leicester
253,Alisson,BRA,GK,30,24,24,2160,24.0,0,1,0,0,0,1,28,99,72,9,0,0,86.1,99.5,98.3,60.1,1,11,0,973,743,949,24,0,0,NULL,80.0,1,4,0,0,NULL,2,0,0,13,9880000,58872000.0,1,Liverpool
254,Mohamed Salah,EGY,FW,30,24,24,2135,23.7,9,5,0,0,70,80,NULL,NULL,NULL,NULL,75,30,76.0,84.2,76.2,56.7,44,28,45,928,3,55,292,590,171,35.9,21.7,14,18,12,9,46.2,12,0,4,3,18200000,59312000.0,11,Liverpool
255,Trent Alexander-Arnold,ENG,DF,24,24,21,1779,19.8,1,2,3,0,30,141,NULL,NULL,NULL,NULL,24,4,73.7,88.3,77.0,49.1,44,131,54,1930,55,437,971,533,30,73.3,63.2,12,3,32,22,57.9,19,5,25,22,8320000,82808000.0,66,Liverpool
256,Virgil van Dijk,NED,DF,31,20,20,1755,19.5,3,0,1,0,10,79,NULL,NULL,NULL,NULL,20,7,89.8,93.1,93.8,70.9,3,103,3,1762,230,836,854,76,39,100.0,71.6,6,3,12,5,50.0,18,11,20,81,12480000,37840000.0,4,Liverpool
257,Andrew Robertson,SCO,DF,28,21,18,1592,17.7,0,5,2,0,46,95,NULL,NULL,NULL,NULL,9,1,79.3,89.5,83.1,50.0,34,59,23,1479,48,436,600,451,41,40.0,44.4,13,8,19,12,41.2,16,4,14,31,8320000,63184000.0,26,Liverpool
258,Fabinho,BRA,MF,29,22,17,1543,17.1,0,0,5,0,9,87,NULL,NULL,NULL,NULL,9,3,88.3,93.1,92.4,68.8,8,64,7,1214,54,280,745,190,13,50.0,54.8,26,13,39,21,37.8,22,6,22,25,9360000,60808000.0,3,Liverpool
259,Harvey Elliott,ENG,MF,19,24,14,1299,14.4,1,1,1,0,42,98,NULL,NULL,NULL,NULL,25,9,79.4,89.4,78.6,52.3,19,55,31,942,12,119,436,395,39,44.7,6.7,11,23,17,11,17.4,22,1,11,6,2392000,28424000.0,19,Liverpool
260,Darwin Nunez,URU,FW,23,18,14,1204,13.4,6,3,1,1,45,21,NULL,NULL,NULL,NULL,71,28,65.2,70.7,64.7,78.9,23,7,9,444,8,32,129,290,118,40.0,47.5,17,12,7,4,30.8,9,0,3,9,7280000,39248000.0,27,Liverpool
261,Joe Gomez,ENG,DF,25,19,13,1286,14.3,0,0,3,0,13,95,NULL,NULL,NULL,NULL,4,0,85.6,88.3,91.9,64.0,1,109,3,1355,97,544,764,55,4,80.0,53.3,13,4,27,20,57.9,15,11,21,46,4940000,29128000.0,2,Liverpool
262,Jordan Henderson,ENG,MF,32,21,13,1158,12.9,0,0,2,0,22,103,NULL,NULL,NULL,NULL,13,4,82.0,89.9,85.2,60.0,13,93,20,1038,21,182,630,232,21,37.5,50.0,7,6,15,9,38.5,10,3,12,12,9880000,20592000.0,14,Liverpool
263,Roberto Firmino,BRA,FW,31,17,11,994,11.0,7,3,0,0,12,66,NULL,NULL,NULL,NULL,33,20,78.5,86.1,79.4,68.0,19,41,15,614,3,60,315,240,69,50.0,34.2,6,5,14,11,7.7,12,1,6,2,9360000,26312000.0,9,Liverpool
264,Joel Matip,CMR,DF,31,11,9,822,9.1,0,0,2,0,24,44,NULL,NULL,NULL,NULL,1,1,86.3,88.5,92.5,63.2,3,40,6,757,90,377,344,43,9,57.1,41.4,5,4,12,6,60.0,6,2,11,38,7280000,16456000.0,32,Liverpool
265,Luis Diaz,COL,FW,26,8,7,613,6.8,3,2,2,0,21,25,NULL,NULL,NULL,NULL,16,7,79.3,82.7,84.0,85.7,6,18,5,338,3,23,147,172,45,48.3,30.0,12,16,10,8,42.9,6,0,2,0,4680000,45144000.0,23,Liverpool
266,James Milner,ENG,DF,37,18,6,681,7.6,0,1,1,0,15,50,NULL,NULL,NULL,NULL,6,1,76.9,90.5,85.6,46.2,10,46,13,612,19,143,284,187,21,52.6,47.6,9,9,18,9,38.5,12,2,10,12,6240000,2024000.0,7,Liverpool
267,Cody Gakpo,NED,FW,23,7,6,490,5.4,2,0,0,0,9,15,NULL,NULL,NULL,NULL,15,4,67.0,73.6,60.7,50.0,5,10,3,160,4,11,67,85,22,41.7,61.9,9,10,6,4,16.7,3,1,2,1,6656000,33880000.0,18,Liverpool
268,Ibrahima Konate,FRA,DF,23,6,5,472,5.2,0,0,0,0,4,17,NULL,NULL,NULL,NULL,3,1,85.6,87.9,89.7,53.8,0,11,1,397,43,210,177,12,6,50.0,63.6,6,4,14,9,55.6,2,1,10,22,3692000,29832000.0,5,Liverpool
269,Stefan Bajcetic,ESP,MF,18,9,5,426,4.7,1,0,2,0,7,21,NULL,NULL,NULL,NULL,5,3,77.0,81.1,82.4,55.0,4,15,6,256,7,53,150,55,5,36.4,66.7,6,9,9,7,32.0,6,0,4,4,135200,1056000.0,43,Liverpool
270,Diogo Jota,POR,FW,26,8,4,394,4.4,0,2,1,0,14,15,NULL,NULL,NULL,NULL,13,2,70.6,75.6,72.7,57.1,10,7,5,203,9,26,93,87,25,38.5,33.3,7,8,13,8,35.3,2,0,2,2,7280000,51744000.0,20,Liverpool
271,Fabio Carvalho,POR,MF,20,11,4,337,3.7,2,0,0,0,7,11,NULL,NULL,NULL,NULL,11,4,82.2,86.1,82.9,83.3,1,6,2,183,2,31,69,86,26,40.0,30.8,5,6,8,8,50.0,6,0,5,0,1664000,17952000.0,28,Liverpool
272,Alex Oxlade-Chamberlain,ENG,FW,29,8,4,314,3.5,1,0,0,0,11,12,NULL,NULL,NULL,NULL,7,3,73.7,90.5,72.7,53.8,5,8,2,145,3,17,67,64,15,30.8,20.0,3,4,5,4,33.3,4,1,1,4,6500000,6600000.0,15,Liverpool
273,Naby Keita,GUI,MF,28,8,3,293,3.3,0,0,1,0,5,15,NULL,NULL,NULL,NULL,10,0,76.8,86.4,78.8,75.0,8,15,2,206,5,34,114,59,11,75.0,30.0,12,2,5,4,25.0,1,0,2,3,6760000,6688000.0,8,Liverpool
274,Curtis Jones,ENG,MF,22,6,1,189,2.1,0,0,1,0,6,17,NULL,NULL,NULL,NULL,4,1,85.5,88.7,93.9,62.5,2,9,3,169,3,26,81,63,10,50.0,NULL,3,5,4,2,50.0,1,0,1,1,2444000,23408000.0,8,Liverpool
275,Nathaniel Phillips,ENG,DF,25,2,1,66,0.7,0,0,0,0,0,9,NULL,NULL,NULL,NULL,1,0,86.6,94.1,93.1,64.3,0,7,0,89,3,26,63,2,1,NULL,100.0,1,0,2,1,100.0,0,0,2,1,NULL,4928000.0,47,Liverpool
276,Ben Doak,SCO,FW,17,2,0,26,0.3,0,0,0,0,1,1,NULL,NULL,NULL,NULL,0,0,71.4,90.0,0.0,0.0,0,0,0,22,0,4,10,10,2,0.0,NULL,1,1,3,2,100.0,1,0,0,0,9360,NULL,15,Liverpool
277,Bobby Clark,ENG,MF,18,1,0,8,0.1,0,0,0,0,0,1,NULL,NULL,NULL,NULL,0,0,100.0,NULL,100.0,NULL,0,0,1,7,0,0,0,7,1,0.0,NULL,1,0,0,0,NULL,2,0,0,0,44720,NULL,42,Liverpool
278,Ederson,BRA,GK,29,25,25,2250,25.0,0,1,2,0,0,0,25,58,34,8,0,0,86.1,98.8,99.0,61.8,1,7,0,924,724,918,8,0,0,NULL,100.0,1,2,1,0,50.0,0,0,1,9,9360000,70312000.0,31,Manchester City
279,Rodri,ESP,MF,26,24,24,2057,22.9,2,4,3,0,56,197,NULL,NULL,NULL,NULL,39,10,91.4,92.7,94.0,84.4,28,215,24,2385,80,493,1448,458,47,68.4,69.6,33,11,51,32,58.3,35,13,27,28,8320000,65912000.0,16,Manchester City
280,Erling Haaland,NOR,FW,22,24,23,1932,21.5,27,4,3,0,23,38,NULL,NULL,NULL,NULL,79,39,73.4,80.2,73.7,83.3,18,11,16,524,13,30,211,283,153,33.3,49.2,23,16,3,2,50.0,9,3,2,11,17680000,122672000.0,9,Manchester City
281,Kevin De Bruyne,BEL,MF,31,23,21,1862,20.7,4,12,1,0,80,179,NULL,NULL,NULL,NULL,55,18,71.6,83.3,74.5,57.1,73,91,73,1370,10,75,515,797,78,47.2,44.4,17,19,20,9,37.9,19,2,4,8,17680000,38896000.0,17,Manchester City
282,Bernardo Silva,POR,MF,28,23,19,1680,18.7,3,5,3,0,70,94,NULL,NULL,NULL,NULL,20,6,85.4,92.6,87.8,62.5,24,59,25,1368,23,209,620,550,69,43.4,22.2,21,11,40,21,54.5,16,3,11,5,9360000,69080000.0,20,Manchester City
283,Ilkay Gundogan,GER,MF,32,22,18,1576,17.5,3,3,0,0,36,115,NULL,NULL,NULL,NULL,38,13,85.5,89.5,89.5,76.3,30,91,26,1099,19,132,556,417,61,26.9,68.2,16,15,23,13,47.6,11,3,15,10,8580000,17864000.0,8,Manchester City
284,Manuel Akanji,SUI,DF,27,18,15,1451,16.1,0,1,2,0,18,77,NULL,NULL,NULL,NULL,12,2,94.0,97.3,95.7,73.3,4,85,2,1410,81,519,792,102,22,75.0,37.8,15,7,24,17,78.3,19,6,11,21,4628000,26928000.0,25,Manchester City
285,Jack Grealish,ENG,FW,27,19,15,1345,14.9,3,4,2,0,99,51,NULL,NULL,NULL,NULL,25,6,83.0,91.3,85.7,54.5,33,18,19,831,11,83,279,486,92,41.3,50.0,15,52,17,11,60.0,14,1,5,6,14040000,35552000.0,10,Manchester City
286,Nathan Ake,NED,DF,28,19,15,1333,14.8,0,0,0,0,16,104,NULL,NULL,NULL,NULL,7,1,90.7,94.6,93.1,67.5,6,101,8,1385,65,458,779,155,24,66.7,60.5,10,10,20,8,72.7,13,6,15,26,5720000,18920000.0,6,Manchester City
287,Phil Foden,ENG,FW,22,22,15,1259,14.0,8,5,1,0,33,58,NULL,NULL,NULL,NULL,31,16,80.3,91.2,82.8,49.4,31,26,25,941,8,70,311,569,96,37.2,42.9,6,19,13,8,70.0,15,1,3,5,6240000,109912000.0,47,Manchester City
288,Ruben Dias,POR,DF,25,17,13,1189,13.2,0,0,1,0,7,66,NULL,NULL,NULL,NULL,9,2,92.5,95.0,94.8,74.0,2,80,0,1307,100,492,754,65,19,100.0,69.6,14,5,14,9,100.0,15,8,13,33,9100000,67936000.0,3,Manchester City
289,John Stones,ENG,DF,28,14,13,1181,13.1,0,2,1,0,21,75,NULL,NULL,NULL,NULL,7,1,94.1,96.4,95.3,83.7,5,75,2,1127,57,346,654,132,15,57.1,64.5,5,7,12,9,66.7,9,5,5,23,10400000,33440000.0,5,Manchester City
290,Kyle Walker,ENG,DF,32,15,13,1074,11.9,0,0,2,0,28,107,NULL,NULL,NULL,NULL,3,1,86.9,93.0,90.5,63.6,5,112,6,1165,25,236,733,204,6,77.8,78.9,6,6,8,6,9.1,7,2,8,5,9100000,17864000.0,2,Manchester City
291,Riyad Mahrez,ALG,FW,32,19,12,1061,11.8,5,4,2,0,38,52,NULL,NULL,NULL,NULL,27,9,84.4,90.4,86.7,65.8,26,23,27,767,4,48,279,446,63,31.6,38.5,7,24,14,7,40.9,16,0,5,2,10400000,35728000.0,26,Manchester City
292,Julian Alvarez,ARG,FW,23,19,6,716,8.0,5,0,0,0,22,21,NULL,NULL,NULL,NULL,25,10,78.0,84.4,76.2,73.3,9,11,6,322,4,20,131,174,46,61.5,27.8,12,7,12,6,25.0,11,0,0,2,4160000,32120000.0,19,Manchester City
293,Aymeric Laporte,ESP,DF,28,7,6,556,6.2,0,0,0,0,17,46,NULL,NULL,NULL,NULL,9,1,91.5,95.6,92.5,77.3,4,46,5,525,43,168,261,99,11,50.0,59.3,1,3,2,1,NULL,10,3,2,17,6760000,43120000.0,14,Manchester City
294,Rico Lewis,ENG,DF,18,10,6,543,6.0,0,0,1,0,19,31,NULL,NULL,NULL,NULL,3,1,91.9,95.6,94.2,73.3,7,22,8,467,11,77,262,131,9,33.3,0.0,6,11,13,8,55.6,4,1,3,8,140400,6072000.0,82,Manchester City
295,Sergio Gomez,ESP,DF,22,6,0,147,1.6,0,1,0,0,3,10,NULL,NULL,NULL,NULL,4,0,84.9,90.9,88.6,66.7,2,13,2,140,6,27,79,34,7,0.0,33.3,0,0,5,2,66.7,4,2,2,4,1976000,11264000.0,21,Manchester City
296,Cole Palmer,ENG,FW,20,9,0,119,1.3,0,0,1,0,9,7,NULL,NULL,NULL,NULL,2,0,86.1,97.0,89.7,42.9,3,2,5,95,2,9,32,54,15,62.5,50.0,1,3,3,1,100.0,0,0,1,1,1404000,5368000.0,80,Manchester City
297,Kalvin Phillips,ENG,MF,27,5,0,61,0.7,0,0,1,0,0,3,NULL,NULL,NULL,NULL,2,0,91.4,86.2,100.0,66.7,1,5,0,78,7,22,46,11,3,NULL,NULL,4,1,3,3,25.0,3,1,2,5,8320000,27280000.0,4,Manchester City
298,Maximo Perrone,ARG,MF,20,1,0,19,0.2,0,0,0,0,0,2,NULL,NULL,NULL,NULL,0,0,85.7,91.7,100.0,NULL,0,0,0,22,0,4,12,6,2,NULL,NULL,0,0,0,0,NULL,0,0,0,0,1508000,1320000.0,-,Manchester City
299,David de Gea,ESP,GK,32,24,24,2160,24.0,0,0,0,0,0,0,28,92,65,10,0,0,72.5,100.0,98.4,43.3,1,2,1,805,668,801,4,0,0,NULL,100.0,0,2,0,0,NULL,0,0,0,9,19500000,5544000.0,1,Manchester United
300,Bruno Fernandes,POR,MF,28,23,23,2068,23.0,5,6,5,0,50,155,NULL,NULL,NULL,NULL,50,17,73.2,85.3,76.8,55.2,66,78,52,1416,50,223,573,635,84,43.2,23.8,28,28,54,32,51.1,22,2,15,30,13000000,69608000.0,8,Manchester United
301,Marcus Rashford,ENG,FW,25,24,22,1952,21.7,14,3,2,0,53,54,NULL,NULL,NULL,NULL,66,30,75.6,84.4,80.5,59.1,18,22,32,815,12,74,305,451,119,34.1,35.4,9,16,18,8,44.4,24,3,5,6,11700000,47520000.0,10,Manchester United
302,Lisandro Martinez,ARG,DF,25,22,19,1688,18.8,1,0,4,0,11,68,NULL,NULL,NULL,NULL,6,1,87.0,93.5,94.1,49.0,6,72,5,1450,229,749,664,47,8,100.0,54.9,17,8,41,20,76.5,39,21,26,80,6240000,50952000.0,6,Manchester United
303,Luke Shaw,ENG,DF,27,20,19,1661,18.5,1,2,4,0,46,91,NULL,NULL,NULL,NULL,9,4,81.9,91.2,84.6,51.9,21,107,22,1545,100,491,734,332,15,30.0,57.1,30,18,34,19,80.8,34,9,25,34,8840000,12672000.0,23,Manchester United
304,Christian Eriksen,DEN,MF,31,19,18,1489,16.5,1,7,3,0,16,104,NULL,NULL,NULL,NULL,23,8,78.9,88.1,83.8,50.7,25,89,17,1150,37,210,629,312,22,25.0,43.8,10,6,12,10,27.8,17,7,8,18,8840000,14872000.0,14,Manchester United
305,Diogo Dalot,POR,DF,23,17,16,1430,15.9,0,2,5,0,36,58,NULL,NULL,NULL,NULL,16,4,78.1,88.4,83.5,53.5,23,63,23,1118,76,381,475,269,28,57.7,71.8,15,3,35,27,71.9,20,7,24,32,1664000,7568000.0,20,Manchester United
306,Raphael Varane,FRA,DF,29,17,15,1299,14.4,0,0,1,0,11,44,NULL,NULL,NULL,NULL,5,2,86.4,90.5,92.7,52.7,3,60,3,926,111,434,461,33,13,50.0,69.4,9,2,19,7,41.7,19,12,9,67,18200000,37048000.0,19,Manchester United
307,Casemiro,BRA,MF,31,17,13,1230,13.7,2,3,5,1,8,82,NULL,NULL,NULL,NULL,17,5,77.7,83.6,82.3,60.5,16,77,14,1054,63,316,567,181,14,33.3,68.1,31,19,56,26,61.7,28,6,22,38,15600000,53592000.0,18,Manchester United
308,Antony,BRA,FW,23,12,11,908,10.1,3,0,3,0,48,28,NULL,NULL,NULL,NULL,33,14,77.2,86.6,70.2,48.0,8,14,8,531,5,81,177,287,35,32.3,27.3,4,13,14,3,33.3,8,0,4,3,7800000,66880000.0,21,Manchester United
309,Jadon Sancho,ENG,FW,22,13,11,851,9.5,4,1,0,0,39,36,NULL,NULL,NULL,NULL,11,6,82.8,88.7,86.3,50.0,22,8,19,462,3,52,163,255,51,32.4,18.2,4,6,6,4,37.5,8,0,4,3,14300000,55440000.0,25,Manchester United
310,Tyrell Malacia,NED,DF,23,14,10,905,10.1,0,0,3,0,14,28,NULL,NULL,NULL,NULL,3,1,83.3,91.7,84.2,51.4,1,25,2,605,37,237,237,136,7,16.7,62.5,23,8,28,18,50.0,9,2,16,35,2444000,17776000.0,12,Manchester United
311,Fred,BRA,MF,29,21,9,911,10.1,2,1,5,0,7,50,NULL,NULL,NULL,NULL,23,5,79.7,87.5,85.8,63.3,21,38,7,721,30,189,334,206,27,38.5,37.5,23,12,35,24,33.3,29,1,13,13,6760000,42120.0,16280000.0,Manchester United
312,Scott McTominay,SCO,MF,26,16,7,785,8.7,0,0,5,0,8,22,NULL,NULL,NULL,NULL,7,3,82.8,84.6,88.5,69.2,3,20,2,418,50,140,198,82,14,60.0,58.8,20,6,20,16,54.5,7,3,9,34,4056000,27632000.0,39,Manchester United
313,Aaron Wan-Bissaka,ENG,DF,25,10,7,649,7.2,0,0,0,0,17,23,NULL,NULL,NULL,NULL,1,0,82.8,92.5,77.3,63.2,7,23,4,442,29,139,179,126,13,46.2,41.7,4,1,19,14,91.7,8,1,13,20,5200000,30184000.0,29,Manchester United
314,Anthony Martial,FRA,FW,27,9,6,458,5.1,3,2,0,0,7,15,NULL,NULL,NULL,NULL,11,5,80.5,89.7,84.8,33.3,5,9,4,173,3,5,70,98,23,44.4,62.5,4,3,0,0,0.0,3,0,1,2,13000000,28952000.0,9,Manchester United
315,Wout Weghorst,NED,FW,30,6,6,454,5.0,0,1,0,0,0,13,NULL,NULL,NULL,NULL,7,2,72.4,78.6,76.2,44.4,8,6,1,164,11,30,85,50,13,0.0,47.8,6,5,6,3,33.3,6,2,5,6,1612000,16280000.0,27,Manchester United
316,Victor Lindelof,SWE,DF,28,9,5,542,6.0,0,0,0,0,1,17,NULL,NULL,NULL,NULL,0,0,92.3,94.4,95.7,60.6,0,19,0,448,53,222,215,12,0,0.0,76.2,2,1,8,6,83.3,6,3,9,28,8840000,21560000.0,2,Manchester United
317,Harry Maguire,ENG,DF,29,10,5,481,5.3,0,0,3,0,5,14,NULL,NULL,NULL,NULL,2,0,86.4,95.2,88.9,66.7,2,21,0,435,46,222,194,21,5,50.0,54.5,5,2,5,4,75.0,15,10,7,24,10400000,28160000.0,5,Manchester United
318,Anthony Elanga,SWE,FW,20,15,5,420,4.7,0,1,0,0,12,8,NULL,NULL,NULL,NULL,10,4,73.4,75.3,71.9,100.0,6,3,3,193,4,25,69,99,28,28.6,42.1,3,7,3,0,50.0,4,0,2,4,2236000,16720000.0,36,Manchester United
319,Alejandro Garnacho,ESP,FW,18,13,4,403,4.5,2,2,2,0,24,5,NULL,NULL,NULL,NULL,15,6,81.0,86.6,95.2,100.0,2,1,1,220,1,22,56,145,40,26.7,20.0,6,5,3,1,16.7,5,0,4,1,78000,2024000.0,49,Manchester United
320,Marcel Sabitzer,AUT,MF,28,4,3,260,2.9,0,0,1,0,1,20,NULL,NULL,NULL,NULL,3,1,80.5,84.8,85.0,72.7,5,15,3,191,10,44,99,50,4,NULL,57.1,5,1,9,6,50.0,5,1,4,8,5616000,21736000.0,15,Manchester United
321,Donny van de Beek,NED,MF,25,7,2,167,1.9,0,0,0,0,2,6,NULL,NULL,NULL,NULL,2,0,75.4,91.2,100.0,50.0,3,0,4,72,1,3,23,46,11,50.0,50.0,4,2,0,0,0.0,2,1,1,1,7280000,18040000.0,34,Manchester United
322,Facundo Pellistri,URU,FW,21,1,0,32,0.4,0,0,0,0,0,0,NULL,NULL,NULL,NULL,0,0,100.0,100.0,100.0,NULL,0,0,0,9,0,1,3,5,0,NULL,NULL,1,1,0,0,NULL,0,0,0,0,1404000,2904000.0,28,Manchester United
323,Kobbie Mainoo,ENG,MF,17,1,0,11,0.1,0,0,0,0,2,1,NULL,NULL,NULL,NULL,0,0,87.5,83.3,100.0,NULL,0,1,1,11,0,2,4,5,3,0.0,NULL,0,0,0,0,NULL,1,1,0,0,52000,176000.0,73,Manchester United
324,Kieran Trippier,ENG,DF,32,23,23,2017,22.4,1,4,5,0,21,144,NULL,NULL,NULL,NULL,8,2,71.3,87.1,75.5,50.8,70,104,62,1818,69,438,760,631,16,48.0,58.8,25,20,48,34,55.4,28,12,29,46,5200000,8536000.0,2,Newcastle
325,Nick Pope,ENG,GK,30,23,23,2001,22.2,0,0,3,1,0,1,15,69,54,12,0,0,68.5,100.0,96.7,42.9,0,9,0,619,515,613,6,0,0,NULL,100.0,1,0,1,0,33.3,0,0,0,19,5200000,25872000.0,22,Newcastle
326,Miguel Almiron,PAR,FW,29,23,23,1879,20.9,10,1,2,0,59,101,NULL,NULL,NULL,NULL,49,16,82.6,90.6,82.4,69.7,17,36,23,982,17,109,317,574,92,38.3,30.8,15,26,37,25,60.0,23,2,7,11,3848000,10296000.0,24,Newcastle
327,Fabian Schar,SUI,DF,31,22,22,1963,21.8,1,0,4,0,20,94,NULL,NULL,NULL,NULL,35,9,75.4,84.6,85.1,50.0,12,89,13,1392,161,683,589,133,46,30.0,68.3,10,16,27,10,72.2,24,14,37,92,2444000,4752000.0,5,Newcastle
328,Dan Burn,ENG,DF,30,23,22,1944,21.6,0,0,2,0,16,71,NULL,NULL,NULL,NULL,12,3,79.0,88.0,81.7,52.5,10,60,7,1309,119,536,564,216,39,50.0,68.3,19,1,26,18,45.2,26,10,19,89,2704000,12320000.0,33,Newcastle
329,Sven Botman,NED,DF,23,21,20,1777,19.7,0,0,1,0,6,48,NULL,NULL,NULL,NULL,12,4,85.9,87.5,91.8,71.0,7,41,2,1198,205,698,448,56,35,NULL,67.2,9,7,25,15,72.2,28,14,19,75,4576000,41624000.0,4,Newcastle
330,Joelinton,BRA,MF,26,21,20,1760,19.6,2,1,9,0,43,88,NULL,NULL,NULL,NULL,33,12,82.1,87.5,90.4,78.4,19,52,16,1133,51,215,534,401,68,47.1,46.9,37,21,51,36,50.0,37,5,28,30,4160000,26400000.0,7,Newcastle
331,Joe Willock,ENG,MF,23,22,20,1599,17.8,2,2,1,0,56,71,NULL,NULL,NULL,NULL,32,9,80.9,89.0,84.4,65.5,19,54,14,858,34,142,377,352,69,27.5,47.8,25,12,35,21,50.0,41,8,13,12,4160000,30096000.0,28,Newcastle
332,Sean Longstaff,ENG,MF,25,23,19,1775,19.7,1,3,2,0,12,84,NULL,NULL,NULL,NULL,20,6,79.0,85.6,85.8,59.8,18,59,15,1020,37,210,531,285,49,25.0,46.2,19,27,31,19,37.5,29,7,13,18,1456000,15840000.0,36,Newcastle
333,Bruno Guimaraes,BRA,MF,25,17,17,1397,15.5,3,3,3,0,17,110,NULL,NULL,NULL,NULL,14,5,81.6,88.6,85.8,67.5,18,72,29,1039,36,205,582,267,18,44.7,60.0,22,42,38,19,55.2,20,3,21,13,8320000,44000000.0,39,Newcastle
334,Callum Wilson,ENG,FW,31,17,14,1155,12.8,7,3,3,0,20,14,NULL,NULL,NULL,NULL,42,18,71.6,79.3,83.9,42.9,13,8,4,285,5,15,105,165,73,27.3,30.4,15,18,7,1,0.0,1,0,1,4,4784000,7480000.0,9,Newcastle
335,Allan Saint-Maximin,FRA,FW,25,15,7,726,8.1,1,3,1,0,56,42,NULL,NULL,NULL,NULL,20,7,69.9,78.0,68.3,76.0,13,16,21,381,5,39,133,220,41,52.3,100.0,3,11,5,3,33.3,2,0,4,1,4836000,21472000.0,10,Newcastle
336,Jacob Murphy,ENG,FW,28,23,5,584,6.5,1,1,0,0,34,25,NULL,NULL,NULL,NULL,12,5,64.2,80.9,71.4,29.4,7,4,14,273,6,31,94,153,33,30.0,28.6,7,4,10,5,54.5,8,0,2,2,1820000,9768000.0,23,Newcastle
337,Alexander Isak,SWE,FW,23,7,5,437,4.9,3,0,0,0,10,10,NULL,NULL,NULL,NULL,12,8,71.4,69.2,84.2,100.0,7,7,2,140,2,7,39,98,28,33.3,35.0,5,4,4,2,20.0,7,1,1,1,6240000,46640000.0,14,Newcastle
338,Matt Targett,ENG,DF,27,10,4,426,4.7,0,0,0,0,2,31,NULL,NULL,NULL,NULL,1,0,76.3,87.0,87.7,29.5,7,16,5,315,12,80,132,105,0,NULL,56.3,7,2,11,8,53.3,4,1,7,12,NULL,17600000.0,13,Newcastle
339,Ryan Fraser,SCO,FW,29,8,3,313,3.5,0,0,1,0,8,9,NULL,NULL,NULL,NULL,6,1,69.7,84.7,68.3,37.5,5,4,4,147,1,18,51,80,9,50.0,0.0,3,10,2,2,40.0,3,1,0,3,3276000,5984000.0,21,Newcastle
340,Elliot Anderson,SCO,MF,20,11,1,143,1.6,0,0,0,0,15,8,NULL,NULL,NULL,NULL,4,1,74.3,82.4,84.6,66.7,3,7,1,115,2,17,37,64,22,14.3,75.0,2,8,5,3,50.0,5,1,2,0,624000,4136000.0,32,Newcastle
341,Jamaal Lascelles,ENG,DF,29,4,1,107,1.2,0,0,3,0,0,1,NULL,NULL,NULL,NULL,1,0,80.8,66.7,87.5,100.0,0,1,0,41,15,28,12,1,1,NULL,80.0,4,2,1,0,100.0,3,2,0,10,2860000,4752000.0,6,Newcastle
342,Anthony Gordon,ENG,MF,22,3,0,104,1.2,0,0,1,0,6,4,NULL,NULL,NULL,NULL,3,0,83.7,88.6,100.0,50.0,3,5,1,67,1,6,26,37,8,50.0,0.0,3,3,1,1,33.3,1,0,1,0,NULL,22000000.0,-,Newcastle
343,Martin Dubravka,SVK,GK,34,1,0,67,0.7,0,0,0,0,0,0,NULL,NULL,NULL,NULL,0,0,86.4,100.0,100.0,57.1,0,2,0,24,22,24,0,0,0,NULL,NULL,0,0,0,0,0.0,0,0,0,0,NULL,5016000.0,1,Newcastle
344,Matt Ritchie,SCO,MF,33,3,0,24,0.3,0,0,0,0,0,0,NULL,NULL,NULL,NULL,0,0,66.7,100.0,75.0,0.0,0,0,0,19,1,6,7,6,0,100.0,100.0,0,0,0,0,NULL,0,0,1,0,2288000,1496000.0,11,Newcastle
345,Javier Manquillo,ESP,DF,28,1,0,11,0.1,0,0,0,0,2,1,NULL,NULL,NULL,NULL,0,0,57.1,66.7,66.7,NULL,0,0,0,8,1,2,2,4,0,NULL,NULL,0,0,1,0,100.0,0,0,0,0,NULL,2552000.0,19,Newcastle
346,Jamal Lewis,NIR,DF,25,1,0,8,0.1,0,0,0,0,0,1,NULL,NULL,NULL,NULL,0,0,83.3,100.0,87.5,NULL,0,0,0,13,0,6,2,5,2,NULL,NULL,0,0,0,0,NULL,0,0,0,0,2600000,3256000.0,12,Newcastle
347,Emil Krafth,SWE,DF,28,1,0,1,0.0,0,0,0,0,0,0,NULL,NULL,NULL,NULL,0,0,NULL,NULL,NULL,NULL,0,0,0,1,0,1,0,0,0,NULL,NULL,0,0,0,0,NULL,0,0,0,0,1924000,3696000.0,17,Newcastle
348,Brennan Johnson,WAL,FW,21,24,22,1971,21.9,5,2,4,0,62,24,NULL,NULL,NULL,NULL,35,16,54.9,66.2,55.1,37.5,21,9,12,545,5,52,198,314,76,36.4,25.5,23,13,20,15,35.7,22,1,3,3,2236000,33088000.0,20,Nottingham Forest
349,Morgan Gibbs-White,ENG,MF,23,21,20,1736,19.3,2,5,1,0,35,84,NULL,NULL,NULL,NULL,40,11,61.7,75.0,70.6,36.6,40,42,28,892,10,89,375,440,45,53.8,35.7,18,16,15,8,41.2,8,2,10,11,2548000,22528000.0,10,Nottingham Forest
350,Remo Freuler,SUI,MF,30,20,18,1641,18.2,0,0,3,0,6,45,NULL,NULL,NULL,NULL,6,1,79.7,87.0,82.3,49.1,9,43,4,843,56,276,443,128,5,50.0,57.1,20,7,34,17,48.3,27,6,25,30,2236000,19008000.0,23,Nottingham Forest
351,Dean Henderson,ENG,GK,25,18,18,1620,18.0,0,0,2,0,0,0,31,85,52,6,0,0,63.3,100.0,98.9,39.8,0,11,1,715,600,711,5,0,0,NULL,100.0,1,1,0,0,NULL,0,0,0,12,6240000,17160000.0,1,Nottingham Forest
352,Scott McKenna,SCO,DF,26,18,17,1462,16.2,0,0,4,0,5,33,NULL,NULL,NULL,NULL,2,0,79.4,84.9,85.7,55.6,7,34,3,838,146,484,317,39,16,71.4,58.5,8,4,12,7,60.0,20,14,11,81,1196000,9944000.0,26,Nottingham Forest
353,Ryan Yates,ENG,MF,25,18,16,1392,15.5,0,1,4,0,8,36,NULL,NULL,NULL,NULL,25,5,78.1,83.0,87.8,55.6,6,22,2,632,49,182,339,117,31,50.0,61.4,37,42,27,14,70.6,22,8,7,34,1196000,9592000.0,22,Nottingham Forest
354,Renan Lodi,BRA,DF,24,16,15,1253,13.9,0,0,2,0,18,20,NULL,NULL,NULL,NULL,10,0,69.6,85.6,72.9,39.2,7,18,11,716,54,284,278,165,10,45.0,42.3,16,24,27,18,54.5,15,4,19,44,3328000,25960000.0,32,Nottingham Forest
355,Joe Worrall,ENG,DF,26,19,14,1431,15.9,0,0,6,0,4,42,NULL,NULL,NULL,NULL,4,0,79.6,84.9,86.7,60.8,2,53,2,978,133,565,371,44,11,100.0,71.1,20,2,33,14,66.7,20,14,16,73,1300000,8536000.0,4,Nottingham Forest
356,Neco Williams,WAL,DF,21,23,14,1338,14.9,0,0,4,0,35,27,NULL,NULL,NULL,NULL,21,5,64.9,82.4,69.6,40.5,12,24,12,903,61,336,338,249,16,44.4,44.8,23,15,52,35,61.2,22,5,29,33,2028000,14432000.0,7,Nottingham Forest
357,Serge Aurier,CIV,DF,30,15,13,1160,12.9,1,0,2,0,28,45,NULL,NULL,NULL,NULL,6,2,67.9,78.0,68.9,45.0,9,24,10,804,69,308,320,187,9,44.4,67.3,10,16,41,25,77.8,19,6,19,48,2860000,1936000.0,24,Nottingham Forest
358,Steve Cook,ENG,DF,31,12,11,957,10.6,0,0,4,0,1,19,NULL,NULL,NULL,NULL,3,0,80.4,80.8,89.7,56.0,3,18,2,559,100,321,220,19,10,100.0,73.0,5,2,8,4,71.4,16,11,12,51,1456000,3344000.0,3,Nottingham Forest
359,Jesse Lingard,ENG,FW,30,15,11,875,9.7,0,0,1,0,11,32,NULL,NULL,NULL,NULL,10,2,79.5,88.0,83.7,51.9,11,27,7,352,7,42,188,129,15,60.0,33.3,8,9,3,3,0.0,11,0,5,4,5200000,2904000.0,11,Nottingham Forest
360,Orel Mangala,BEL,MF,24,15,10,712,7.9,0,0,1,0,10,25,NULL,NULL,NULL,NULL,6,1,79.9,89.9,85.3,46.2,2,19,2,360,12,75,223,65,5,35.0,60.0,9,12,15,8,57.1,8,2,11,4,2288000,11088000.0,5,Nottingham Forest
361,Taiwo Awoniyi,NGA,FW,25,16,9,730,8.1,4,0,0,0,11,7,NULL,NULL,NULL,NULL,19,8,72.6,82.9,73.1,25.0,8,3,1,238,10,34,96,113,28,29.4,18.9,8,10,10,8,71.4,7,2,1,10,2184000,20680000.0,9,Nottingham Forest
362,Cheikhou Kouyate,SEN,MF,33,12,9,704,7.8,1,0,2,0,6,16,NULL,NULL,NULL,NULL,5,5,77.2,78.2,85.0,73.9,5,11,2,292,27,105,139,51,10,66.7,73.7,15,7,20,15,62.5,13,1,5,20,2184000,6864000.0,21,Nottingham Forest
363,Willy Boly,CIV,DF,32,8,8,592,6.6,0,1,2,0,1,10,NULL,NULL,NULL,NULL,1,0,75.4,81.9,84.7,42.9,1,7,0,324,60,221,91,14,8,50.0,66.7,4,5,13,6,61.5,11,4,12,38,2392000,4224000.0,30,Nottingham Forest
364,Harry Toffolo,ENG,DF,27,12,6,639,7.1,0,0,0,0,8,21,NULL,NULL,NULL,NULL,4,1,66.3,86.3,65.4,22.9,4,11,7,365,34,117,128,125,9,37.5,54.5,3,4,10,6,57.1,9,4,6,23,1872000,9680000.0,15,Nottingham Forest
365,Lewis O'Brien,ENG,MF,24,13,6,584,6.5,1,0,2,0,13,21,NULL,NULL,NULL,NULL,7,2,77.6,84.7,81.6,43.8,4,19,3,297,19,72,161,71,3,41.2,25.0,5,15,16,9,50.0,13,2,5,9,2340000,10824000.0,14,Nottingham Forest
366,Keylor Navas,CRC,GK,36,4,4,360,4.0,0,0,0,0,0,0,7,18,11,1,0,0,62.5,100.0,100.0,45.8,0,3,0,170,152,170,0,0,0,NULL,100.0,0,0,0,0,NULL,0,0,0,5,NULL,6864000.0,12,Nottingham Forest
367,Chris Wood,NZL,FW,31,5,4,296,3.3,1,0,0,0,0,2,NULL,NULL,NULL,NULL,2,1,59.6,62.9,52.9,50.0,2,5,0,81,4,10,52,20,6,0.0,44.8,1,3,0,0,NULL,2,1,1,2,NULL,10296000.0,39,Nottingham Forest
368,Jack Colback,ENG,MF,33,10,3,428,4.8,0,0,0,0,5,13,NULL,NULL,NULL,NULL,0,0,84.5,88.2,86.4,72.7,2,10,2,148,15,59,75,16,0,100.0,40.0,6,7,17,12,62.5,2,0,3,8,1040000,704000.0,8,Nottingham Forest
369,Emmanuel Dennis,NGA,FW,25,11,3,408,4.5,1,1,2,0,10,9,NULL,NULL,NULL,NULL,11,2,69.4,85.5,63.3,77.8,4,4,2,191,0,22,70,103,22,30.8,40.0,6,17,7,5,40.0,5,0,0,2,2184000,11968000.0,25,Nottingham Forest
370,Felipe,BRA,DF,33,3,2,264,2.9,0,0,0,0,0,4,NULL,NULL,NULL,NULL,2,1,78.7,84.1,83.9,65.4,0,3,1,177,39,112,60,8,5,100.0,65.0,1,4,4,2,40.0,3,3,11,20,NULL,1320000.0,38,Nottingham Forest
371,Wayne Hennessey,WAL,GK,36,2,2,180,2.0,0,0,0,0,0,0,4,11,7,0,0,0,80.4,100.0,100.0,64.5,0,2,0,64,52,64,0,0,0,NULL,NULL,0,1,1,0,100.0,0,0,0,1,832000,440000.0,13,Nottingham Forest
372,Jonjo Shelvey,ENG,MF,31,3,2,172,1.9,0,0,0,0,1,11,NULL,NULL,NULL,NULL,0,0,80.0,91.7,91.2,52.4,4,14,3,94,11,33,56,6,0,100.0,NULL,1,0,1,0,25.0,5,2,0,5,NULL,4312000.0,6,Nottingham Forest
373,Moussa Niakhate,FRA,DF,26,2,2,160,1.8,0,0,0,0,0,2,NULL,NULL,NULL,NULL,3,2,76.0,90.9,92.3,50.0,0,2,0,81,22,58,19,4,3,0.0,64.7,3,0,1,0,25.0,1,1,1,18,3328000,13904000.0,19,Nottingham Forest
374,Gustavo Scarpa,BRA,MF,29,4,2,160,1.8,0,0,1,0,8,10,NULL,NULL,NULL,NULL,6,1,69.2,83.3,84.6,63.6,1,9,0,89,2,19,47,24,1,50.0,33.3,3,7,4,1,50.0,3,0,0,3,NULL,6072000.0,31,Nottingham Forest
375,Danilo,BRA,MF,21,3,2,148,1.6,0,0,1,0,0,4,NULL,NULL,NULL,NULL,1,0,68.2,68.8,70.6,66.7,2,5,0,75,5,26,41,9,0,100.0,50.0,2,1,7,4,28.6,2,1,1,5,NULL,23584000.0,28,Nottingham Forest
376,Sam Surridge,ENG,FW,24,15,1,269,3.0,1,0,2,0,2,6,NULL,NULL,NULL,NULL,9,2,44.1,48.6,50.0,33.3,1,4,0,117,8,24,43,54,14,40.0,46.2,8,8,4,0,0.0,4,2,0,6,676000,2728000.0,16,Nottingham Forest
377,Andre Ayew,GHA,FW,33,4,0,86,1.0,0,0,0,0,2,2,NULL,NULL,NULL,NULL,1,0,71.4,76.5,50.0,NULL,0,1,0,33,5,7,17,9,3,0.0,45.5,0,1,3,1,50.0,2,0,0,4,NULL,2200000.0,34,Nottingham Forest
378,Giulian Biancone,FRA,DF,22,2,0,17,0.2,0,0,0,0,2,0,NULL,NULL,NULL,NULL,0,0,71.4,85.7,80.0,33.3,0,0,0,25,2,19,5,1,0,NULL,100.0,0,0,2,1,100.0,0,0,1,0,1092000,6864000.0,2,Nottingham Forest
379,Cafu,POR,MF,30,1,0,7,0.1,0,0,0,0,0,1,NULL,NULL,NULL,NULL,0,0,100.0,NULL,100.0,NULL,0,1,0,3,1,2,1,0,0,NULL,NULL,0,0,0,0,NULL,0,0,0,1,624000,352000.0,18,Nottingham Forest
380,Gavin Bazunu,IRL,GK,21,24,24,2160,24.0,0,0,0,0,0,1,41,92,54,2,0,0,60.0,98.3,97.4,39.5,1,39,1,948,656,930,18,0,0,NULL,100.0,1,2,1,0,100.0,0,0,1,19,2132000,16984000.0,31,Southampton
381,James Ward-Prowse,ENG,MF,28,24,24,2160,24.0,6,2,4,0,13,124,NULL,NULL,NULL,NULL,26,11,76.2,89.0,81.0,46.3,51,112,20,1551,51,274,826,455,17,41.7,57.8,23,13,40,22,37.1,14,1,31,26,5200000,37400000.0,8,Southampton
382,Mohammed Salisu,GHA,DF,23,21,21,1889,21.0,0,1,5,0,5,80,NULL,NULL,NULL,NULL,16,4,73.4,87.1,79.0,42.3,7,79,7,1446,206,723,612,121,22,77.8,67.5,25,3,50,28,75.0,53,22,30,116,2028000,11352000.0,22,Southampton
383,Mohamed Elyounoussi,NOR,MF,28,22,19,1567,17.4,0,1,3,0,34,33,NULL,NULL,NULL,NULL,29,7,66.9,78.9,65.6,48.9,16,21,14,678,39,134,279,271,43,50.0,42.6,25,13,30,17,44.4,26,2,14,31,NULL,4488000.0,24,Southampton
384,Che Adams,SCO,FW,26,21,18,1577,17.5,4,2,0,0,12,23,NULL,NULL,NULL,NULL,36,13,65.8,74.3,63.2,71.0,21,17,10,570,22,52,228,301,83,44.0,37.1,31,18,15,12,77.8,9,3,4,18,2704000,18304000.0,10,Southampton
385,Kyle Walker-Peters,ENG,DF,25,17,16,1422,15.8,1,0,2,0,55,49,NULL,NULL,NULL,NULL,6,2,72.6,88.0,68.2,43.1,10,34,18,879,40,231,366,298,27,42.0,43.3,15,25,33,18,57.1,24,6,12,27,2600000,18656000.0,2,Southampton
386,Romain Perraud,FRA,DF,25,22,16,1339,14.9,2,2,3,0,22,40,NULL,NULL,NULL,NULL,24,4,68.7,83.6,70.9,30.6,12,32,8,806,31,232,285,295,31,22.2,31.0,24,12,37,24,58.1,15,4,17,25,1976000,6776000.0,15,Southampton
387,Romeo Lavia,BEL,MF,19,15,13,1069,11.9,1,0,6,0,6,47,NULL,NULL,NULL,NULL,5,2,86.9,88.8,91.7,82.5,5,50,5,568,24,123,369,81,0,45.0,57.1,12,28,29,15,44.4,22,5,17,7,1976000,9416000.0,45,Southampton
388,Adam Armstrong,ENG,FW,26,22,12,1068,11.9,1,1,0,0,34,15,NULL,NULL,NULL,NULL,20,10,73.5,84.2,78.5,63.2,10,11,9,380,7,54,144,191,39,26.7,21.1,13,7,11,7,0.0,14,3,3,5,2756000,8360000.0,9,Southampton
389,Joe Aribo,NGA,MF,26,19,11,1094,12.2,2,0,2,0,17,35,NULL,NULL,NULL,NULL,13,8,72.9,78.4,72.4,75.0,9,19,9,517,11,79,238,212,45,42.1,42.9,9,11,29,19,57.9,13,1,8,10,3120000,10912000.0,7,Southampton
390,Ibrahima Diallo,FRA,MF,23,15,10,746,8.3,0,0,3,0,5,23,NULL,NULL,NULL,NULL,6,0,77.6,86.9,79.3,48.3,3,20,2,431,15,116,260,66,4,54.5,62.5,16,7,23,13,72.7,9,1,6,10,2132000,4224000.0,27,Southampton
391,Stuart Armstrong,SCO,MF,30,20,9,887,9.9,1,0,5,0,38,52,NULL,NULL,NULL,NULL,16,3,79.0,87.8,82.5,61.8,12,28,21,512,12,88,217,214,22,41.7,45.5,13,14,16,10,25.0,11,0,3,6,3016000,7920000.0,17,Southampton
392,Ainsley Maitland-Niles,ENG,DF,25,13,8,813,9.0,0,0,3,0,8,33,NULL,NULL,NULL,NULL,0,0,80.2,87.7,82.8,61.9,6,35,6,495,41,177,246,79,4,70.0,56.3,6,5,31,15,73.1,17,3,10,25,3536000,5984000.0,3,Southampton
393,Duje Caleta-Car,CRO,DF,26,10,7,716,8.0,0,0,1,0,2,23,NULL,NULL,NULL,NULL,3,1,84.8,89.3,92.9,59.4,1,20,0,500,93,301,189,12,7,NULL,47.6,7,1,11,7,83.3,10,8,13,42,2704000,9944000.0,6,Southampton
394,Lyanco,BRA,DF,26,14,7,698,7.8,0,0,4,0,5,20,NULL,NULL,NULL,NULL,8,3,70.6,89.7,74.0,36.8,1,20,1,431,48,204,196,39,7,71.4,67.9,11,6,15,10,61.5,10,8,13,28,2600000,2640000.0,4,Southampton
395,Moussa Djenepo,MLI,DF,24,12,6,578,6.4,0,1,0,0,23,17,NULL,NULL,NULL,NULL,3,2,73.7,88.2,71.6,42.1,6,12,5,304,13,81,140,87,11,43.3,27.3,6,15,17,9,45.0,12,2,11,6,2548000,5104000.0,19,Southampton
396,Jan Bednarek,POL,DF,26,6,6,519,5.8,0,0,0,0,0,10,NULL,NULL,NULL,NULL,5,0,82.5,84.1,90.8,60.0,2,9,0,327,59,179,135,14,7,NULL,68.4,6,0,13,10,100.0,14,11,16,26,3120000,20064000.0,35,Southampton
397,Samuel Edozie,ENG,FW,20,15,5,541,6.0,0,0,0,0,22,11,NULL,NULL,NULL,NULL,8,3,67.5,80.5,61.3,44.4,6,5,6,258,4,47,78,137,29,28.6,35.3,1,22,15,8,42.9,6,0,6,6,239200,7040000.0,23,Southampton
398,Sekou Mara,FRA,FW,20,16,3,387,4.3,0,1,1,0,3,6,NULL,NULL,NULL,NULL,14,2,68.6,74.4,91.7,60.0,5,6,2,156,4,20,70,73,16,43.5,37.8,17,5,12,8,28.6,5,0,0,5,1976000,10296000.0,18,Southampton
399,Kamaldeen Sulemana,GHA,FW,21,4,3,255,2.8,0,0,0,0,6,8,NULL,NULL,NULL,NULL,9,2,68.2,75.0,81.3,63.6,5,4,2,112,1,13,40,62,13,52.0,50.0,1,1,2,1,50.0,1,0,0,1,NULL,8976000.0,20,Southampton
400,Paul Onuachu,NGA,FW,28,4,3,238,2.6,0,0,0,0,1,5,NULL,NULL,NULL,NULL,5,3,74.5,79.4,70.0,83.3,3,4,1,89,3,8,39,44,13,71.4,52.3,8,4,0,0,0.0,2,1,0,1,NULL,13376000.0,12,Southampton
401,James Bree,ENG,DF,25,2,2,169,1.9,0,0,0,0,1,1,NULL,NULL,NULL,NULL,0,0,71.7,79.6,69.6,57.1,4,2,4,107,6,20,35,52,1,50.0,63.6,0,0,2,0,100.0,2,1,4,2,NULL,2904000.0,14,Southampton
402,Juan Larios,ESP,DF,19,5,2,152,1.7,0,0,0,0,10,4,NULL,NULL,NULL,NULL,0,0,76.8,87.0,77.8,50.0,0,5,0,106,10,32,55,20,2,75.0,28.6,1,0,7,6,100.0,2,0,3,4,317200,4048000.0,28,Southampton
403,Theo Walcott,ENG,FW,33,6,1,199,2.2,0,0,1,0,4,2,NULL,NULL,NULL,NULL,4,1,71.1,85.7,62.5,25.0,3,3,1,73,3,12,31,34,6,0.0,66.7,3,1,5,2,80.0,1,0,3,2,3484000,2288000.0,32,Southampton
404,Carlos Alcaraz,ARG,MF,20,4,1,138,1.5,1,0,0,0,4,6,NULL,NULL,NULL,NULL,4,1,75.5,76.0,100.0,28.6,1,2,1,69,3,14,34,23,4,50.0,0.0,2,1,2,2,50.0,3,2,1,1,NULL,9592000.0,26,Southampton
405,Yan Valery,TUN,DF,24,1,1,45,0.5,0,0,0,0,0,0,NULL,NULL,NULL,NULL,0,0,65.2,90.0,66.7,20.0,0,1,0,28,3,7,18,3,0,NULL,100.0,0,0,0,0,NULL,1,0,0,3,NULL,NULL,NULL,Southampton
406,Mislav Orsic,CRO,MF,30,1,0,7,0.1,0,0,0,0,0,0,NULL,NULL,NULL,NULL,0,0,66.7,100.0,NULL,0.0,0,0,0,4,0,2,0,2,0,NULL,NULL,0,0,1,1,NULL,0,0,0,0,4108000,8976000.0,11,Southampton
407,Harry Kane,ENG,FW,29,25,25,2235,24.8,18,2,4,0,40,123,NULL,NULL,NULL,NULL,86,37,69.1,77.7,76.9,63.5,41,61,33,861,20,61,414,400,116,36.2,47.8,21,35,8,7,36.4,18,6,1,13,10400000,79112000.0,10,Tottenham
408,Eric Dier,ENG,DF,29,24,23,2095,23.3,2,1,2,0,6,71,NULL,NULL,NULL,NULL,15,4,86.3,92.4,92.7,62.0,7,59,6,1739,267,1021,661,64,20,NULL,66.3,14,7,22,14,58.3,26,18,28,80,4784000,28688000.0,15,Tottenham
409,Hugo Lloris,FRA,GK,36,21,21,1890,21.0,0,0,0,0,0,0,29,95,67,7,0,0,78.9,98.7,99.5,51.2,0,12,0,682,623,681,1,0,0,NULL,66.7,0,2,1,1,50.0,0,0,1,11,5720000,14256000.0,1,Tottenham
410,Son Heung-min,KOR,MF,30,23,20,1763,19.6,5,3,1,0,59,47,NULL,NULL,NULL,NULL,52,26,71.4,86.0,70.7,31.1,36,23,19,784,6,83,292,425,62,34.7,31.6,9,25,16,8,21.4,14,2,7,5,NULL,NULL,7,Tottenham
411,Ben Davies,WAL,DF,29,22,18,1621,18.0,2,2,3,0,30,84,NULL,NULL,NULL,NULL,11,4,83.1,90.2,88.2,53.9,15,60,4,1124,76,404,573,150,20,36.4,53.7,21,9,17,9,50.0,15,6,15,54,4836000,26928000.0,33,Tottenham
412,Rodrigo Bentancur,URU,MF,25,18,17,1500,16.7,5,2,8,0,26,75,NULL,NULL,NULL,NULL,15,9,83.8,89.1,89.6,55.7,11,54,9,1069,52,294,610,175,19,63.6,48.4,24,8,45,28,60.0,28,15,20,22,3796000,40216000.0,30,Tottenham
413,Ivan Perisic,CRO,DF,34,24,16,1433,15.9,0,5,4,0,60,43,NULL,NULL,NULL,NULL,15,3,64.9,81.0,65.6,45.6,32,19,26,925,38,224,320,388,59,30.8,46.2,22,2,29,14,53.6,18,2,16,28,9360000,12408000.0,14,Tottenham
414,Emerson,BRA,DF,24,20,16,1376,15.3,2,1,2,1,43,69,NULL,NULL,NULL,NULL,15,6,79.5,89.4,84.8,54.8,9,43,16,1022,73,365,356,309,41,50.0,43.9,18,25,43,28,62.5,15,3,12,57,3224000,33000000.0,12,Tottenham
415,Cristian Romero,ARG,DF,24,16,15,1374,15.3,0,0,7,1,14,59,NULL,NULL,NULL,NULL,7,2,86.8,89.0,94.5,70.3,3,50,7,1074,169,542,469,69,10,61.1,69.6,25,5,42,22,58.3,18,7,23,51,9100000,40392000.0,17,Tottenham
416,Dejan Kulusevski,SWE,MF,22,17,15,1299,14.4,2,5,0,0,62,44,NULL,NULL,NULL,NULL,23,7,76.1,83.9,78.4,47.2,29,9,23,679,13,101,243,355,77,38.2,37.5,19,14,26,9,39.3,11,0,3,4,4108000,61952000.0,21,Tottenham
417,Clement Lenglet,FRA,DF,27,15,13,1102,12.2,0,2,2,0,19,46,NULL,NULL,NULL,NULL,8,0,86.6,96.8,90.4,55.7,5,43,6,956,92,475,421,64,8,25.0,61.0,10,10,18,9,56.3,17,6,12,29,5044000,18392000.0,34,Tottenham
418,Ryan Sessegnon,ENG,DF,22,17,9,813,9.0,2,0,4,0,24,22,NULL,NULL,NULL,NULL,18,6,71.8,83.6,67.5,55.2,6,16,11,494,29,157,171,168,27,40.0,50.0,15,6,17,11,58.3,8,1,6,17,2756000,27104000.0,19,Tottenham
419,Yves Bissouma,MLI,MF,26,20,8,814,9.0,0,0,5,0,10,45,NULL,NULL,NULL,NULL,5,0,90.0,94.7,92.4,75.8,8,40,4,639,17,127,411,102,1,71.4,50.0,14,7,12,10,28.6,12,5,9,7,4472000,18568000.0,38,Tottenham
420,Richarlison,BRA,MF,25,16,7,658,7.3,0,2,2,0,19,20,NULL,NULL,NULL,NULL,18,7,71.1,75.2,71.7,73.3,11,12,8,309,9,63,115,135,39,21.1,30.4,9,16,17,12,45.0,11,1,4,7,9100000,52096000.0,9,Tottenham
421,Davinson Sanchez,COL,DF,26,13,6,573,6.4,0,0,1,0,4,25,NULL,NULL,NULL,NULL,4,2,87.7,95.5,92.9,45.0,1,28,1,490,63,256,203,32,8,25.0,64.0,5,4,15,6,100.0,9,6,10,25,3484000,22792000.0,6,Tottenham
422,Oliver Skipp,ENG,MF,22,10,5,377,4.2,1,0,3,0,7,15,NULL,NULL,NULL,NULL,3,2,80.6,88.2,87.3,40.0,4,8,4,227,13,58,115,58,4,33.3,40.0,6,5,8,6,40.0,4,0,4,6,2548000,20240000.0,4,Tottenham
423,Fraser Forster,ENG,GK,34,4,4,360,4.0,0,0,0,0,0,0,6,13,7,2,0,0,82.0,100.0,100.0,51.4,0,0,0,106,98,104,2,0,0,NULL,NULL,0,1,0,0,NULL,0,0,0,1,3744000,2552000.0,20,Tottenham
424,Japhet Tanganga,ENG,DF,23,2,2,141,1.6,0,0,0,0,1,5,NULL,NULL,NULL,NULL,0,0,89.7,91.1,91.2,71.4,0,4,1,102,4,43,56,3,0,50.0,71.4,3,3,3,2,33.3,1,0,2,6,1300000,1848000.0,25,Tottenham
425,Pedro Porro,ESP,DF,23,2,1,76,0.8,0,0,0,0,4,1,NULL,NULL,NULL,NULL,0,0,75.0,93.3,77.8,25.0,0,1,1,46,1,20,16,10,0,28.6,50.0,0,3,1,0,0.0,2,0,3,2,4368000,15312000.0,23,Tottenham
426,Lucas Moura,BRA,MF,30,9,0,99,1.1,0,0,0,0,3,8,NULL,NULL,NULL,NULL,1,0,70.9,81.3,70.6,0.0,1,2,4,76,0,11,28,38,5,28.6,66.7,1,3,7,5,50.0,0,0,2,1,4160000,16192000.0,27,Tottenham
427,Arnaut Danjuma,NED,FW,26,1,0,12,0.1,0,0,0,0,3,0,NULL,NULL,NULL,NULL,0,0,54.5,60.0,100.0,100.0,1,0,1,14,0,1,8,5,0,66.7,NULL,0,0,0,0,NULL,0,0,0,0,1404000,32120000.0,16,Tottenham
428,Harvey White,ENG,MF,21,1,0,5,0.1,0,0,0,0,0,0,NULL,NULL,NULL,NULL,0,0,37.5,66.7,0.0,33.3,0,0,1,8,0,0,4,4,0,NULL,100.0,0,0,0,0,0.0,0,0,0,0,572000,NULL,NULL,Tottenham
429,Declan Rice,ENG,MF,24,24,24,2160,24.0,2,1,3,0,64,172,NULL,NULL,NULL,NULL,26,5,87.8,89.8,95.5,72.9,30,170,8,1676,74,423,991,296,14,52.9,62.8,18,6,51,21,65.4,27,11,37,37,3224000,57464000.0,41,West Ham
430,Jarrod Bowen,ENG,FW,26,24,24,2150,23.9,4,2,1,0,65,51,NULL,NULL,NULL,NULL,52,11,64.4,82.2,76.3,34.2,36,30,19,884,14,114,301,473,104,28.1,31.8,18,46,29,11,35.3,31,6,21,14,4160000,43736000.0,20,West Ham
431,Lukasz Fabianski,POL,GK,37,24,24,2031,22.6,0,0,0,0,0,0,NULL,NULL,NULL,NULL,0,0,64.7,100.0,98.6,43.8,0,8,0,649,568,647,2,0,0,NULL,91.7,0,4,0,0,NULL,0,0,0,5,3120000,1672000.0,1,West Ham
432,Tomas Soucek,CZE,MF,28,24,20,1835,20.4,1,1,1,0,9,65,NULL,NULL,NULL,NULL,21,6,72.8,76.3,77.5,67.6,11,46,8,934,79,300,440,196,50,16.7,55.8,32,12,59,30,50.0,33,14,34,41,2444000,29744000.0,28,West Ham
433,Thilo Kehrer,GER,DF,26,18,18,1575,17.5,0,0,4,0,12,39,NULL,NULL,NULL,NULL,7,1,83.4,87.5,90.9,53.7,2,43,1,981,99,450,439,97,13,77.8,44.7,23,8,30,19,48.5,13,5,23,48,4784000,22088000.0,24,West Ham
434,Aaron Cresswell,ENG,DF,33,19,17,1578,17.5,0,0,2,0,27,123,NULL,NULL,NULL,NULL,7,1,79.5,93.8,80.3,49.7,31,75,26,1232,65,376,529,330,8,28.6,56.5,8,5,15,7,38.9,17,8,20,41,2756000,4488000.0,3,West Ham
435,Vladimir Coufal,CZE,DF,30,18,16,1426,15.8,0,0,4,0,43,73,NULL,NULL,NULL,NULL,5,0,62.0,84.7,63.4,35.1,16,51,16,983,57,269,395,320,12,10.0,58.5,17,13,36,21,73.3,19,5,25,35,2704000,7392000.0,5,West Ham
436,Kurt Zouma,FRA,DF,28,15,15,1274,14.2,1,0,0,0,1,16,NULL,NULL,NULL,NULL,11,3,85.6,92.7,90.8,61.5,0,9,2,735,164,465,254,18,14,0.0,88.1,7,4,4,2,50.0,7,7,13,77,5200000,26048000.0,4,West Ham
437,Lucas Paqueta,BRA,MF,25,16,15,1166,13.0,2,2,3,0,8,82,NULL,NULL,NULL,NULL,34,8,78.7,86.2,80.3,67.7,14,50,16,796,30,147,433,226,30,40.9,61.1,27,18,30,22,35.7,26,3,10,21,6760000,46640000.0,11,West Ham
438,Said Benrahma,ALG,FW,27,22,13,1294,14.4,3,3,0,0,67,49,NULL,NULL,NULL,NULL,41,12,79.2,91.0,78.2,41.0,31,17,12,696,10,81,249,377,53,38.2,30.0,11,10,17,8,38.9,12,1,6,9,3016000,19888000.0,22,West Ham
439,Michail Antonio,JAM,FW,32,23,12,1129,12.5,3,2,2,0,26,20,NULL,NULL,NULL,NULL,25,9,51.8,63.4,53.8,36.0,12,10,5,369,10,29,165,181,52,37.5,34.6,19,26,12,6,50.0,11,4,3,4,3588000,13816000.0,9,West Ham
440,Pablo Fornals,ESP,FW,27,20,11,978,10.9,1,1,0,0,19,49,NULL,NULL,NULL,NULL,17,5,72.0,87.9,75.4,48.9,12,40,6,602,10,97,272,242,22,50.0,27.8,11,5,18,9,25.0,11,1,11,8,4108000,35112000.0,8,West Ham
441,Gianluca Scamacca,ITA,FW,24,16,11,926,10.3,3,0,3,0,13,17,NULL,NULL,NULL,NULL,30,10,66.7,74.1,59.6,81.0,13,14,5,273,5,13,135,128,38,42.9,44.7,16,10,10,5,100.0,3,0,4,5,3692000,17600000.0,7,West Ham
442,Emerson Palmieri,ITA,DF,28,12,8,627,7.0,1,0,1,0,22,22,NULL,NULL,NULL,NULL,7,3,79.2,93.0,74.7,57.7,6,16,7,389,22,93,179,122,16,30.8,71.4,7,6,9,5,50.0,7,0,7,15,NULL,NULL,NULL,West Ham
443,Nayef Aguerd,MAR,DF,26,8,7,695,7.7,0,0,3,0,1,15,NULL,NULL,NULL,NULL,5,0,77.1,88.3,85.5,47.0,2,14,3,383,55,204,165,17,8,100.0,57.7,4,4,13,9,77.8,8,7,10,33,3328000,26928000.0,27,West Ham
444,Ben Johnson,ENG,DF,23,12,7,654,7.3,0,0,0,0,11,34,NULL,NULL,NULL,NULL,1,0,73.4,87.2,83.7,40.5,3,24,8,488,38,197,222,73,1,50.0,62.5,2,4,15,11,66.7,10,4,6,24,1716000,11528000.0,2,West Ham
445,Angelo Ogbonna,ITA,DF,34,9,7,647,7.2,0,0,0,0,0,4,NULL,NULL,NULL,NULL,2,0,81.3,80.7,88.2,57.6,2,2,1,278,40,161,107,10,5,NULL,45.2,1,3,9,3,80.0,3,1,9,31,3536000,968000.0,21,West Ham
446,Flynn Downes,ENG,MF,24,11,4,381,4.2,0,0,0,0,1,7,NULL,NULL,NULL,NULL,2,0,82.3,94.1,78.8,62.5,1,7,1,179,4,24,118,37,2,NULL,41.7,4,8,8,6,40.0,9,0,3,2,1664000,5896000.0,12,West Ham
447,Danny Ings,ENG,FW,30,5,1,155,1.7,2,0,0,0,2,4,NULL,NULL,NULL,NULL,6,2,64.5,66.7,71.4,50.0,1,4,0,53,2,8,18,27,12,33.3,30.8,2,4,3,2,0.0,2,1,0,1,NULL,9592000.0,18,West Ham
448,Manuel Lanzini,ARG,MF,30,6,1,134,1.5,0,0,0,0,2,12,NULL,NULL,NULL,NULL,2,0,82.2,83.3,90.9,55.6,0,6,2,98,0,16,57,26,0,100.0,0.0,1,0,0,0,0.0,1,0,0,0,3588000,4224000.0,10,West Ham
449,Maxwel Cornet,CIV,FW,26,5,1,91,1.0,0,0,0,0,2,2,NULL,NULL,NULL,NULL,4,1,66.7,72.2,87.5,NULL,0,0,0,42,0,6,9,27,4,NULL,40.0,2,2,4,1,100.0,0,0,0,0,3328000,17600000.0,14,West Ham
450,Alphonse Areola,FRA,GK,30,3,0,129,1.4,0,0,0,0,0,0,2,3,1,1,0,0,68.1,100.0,100.0,46.2,0,0,0,49,46,49,0,0,0,NULL,NULL,1,0,0,0,NULL,0,0,0,0,6240000,16368000.0,13,West Ham
451,Divin Mubama,ENG,FW,18,1,0,4,0.0,0,0,0,0,0,0,NULL,NULL,NULL,NULL,0,0,100.0,100.0,NULL,NULL,0,0,0,1,0,0,1,0,0,NULL,NULL,0,1,0,0,NULL,0,0,0,0,34840,NULL,72,West Ham
452,Jose Sa,POR,GK,30,25,25,2250,25.0,0,0,0,0,0,0,NULL,NULL,NULL,NULL,0,0,72.2,98.1,97.3,39.0,0,9,0,899,813,897,2,0,0,100.0,83.3,0,4,1,0,100.0,0,0,0,7,2080000,22880000.0,1,Wolves
453,Ruben Neves,POR,MF,25,24,24,2160,24.0,5,0,8,0,19,148,NULL,NULL,NULL,NULL,43,9,82.9,90.5,89.8,69.2,20,147,11,1793,136,620,932,257,15,55.6,48.8,23,10,59,31,44.0,40,19,35,65,3016000,38720000.0,8,Wolves
454,Matheus Nunes,POR,MF,24,22,20,1606,17.8,0,1,1,0,42,58,NULL,NULL,NULL,NULL,23,6,78.9,84.2,87.7,67.8,21,53,12,875,40,199,413,277,40,47.1,46.7,28,27,41,29,43.8,16,2,11,23,5200000,28424000.0,27,Wolves
455,Joao Moutinho,POR,MF,36,23,18,1543,17.1,0,2,2,0,14,122,NULL,NULL,NULL,NULL,14,2,81.0,87.9,86.6,65.3,31,90,22,1037,36,210,564,270,12,55.6,25.9,26,10,42,23,37.5,20,6,14,15,5200000,1408000.0,28,Wolves
456,Nelson Semedo,POR,DF,29,23,18,1542,17.1,0,1,6,1,36,68,NULL,NULL,NULL,NULL,3,0,81.4,91.4,80.8,53.2,9,56,10,1093,77,348,486,274,13,47.1,47.2,27,14,49,31,60.0,27,10,19,51,4368000,10032000.0,22,Wolves
457,Nathan Collins,IRL,DF,21,17,17,1472,16.4,0,0,2,1,9,52,NULL,NULL,NULL,NULL,1,0,88.8,92.0,93.9,68.2,2,58,2,1079,168,641,412,32,9,85.7,52.1,13,7,21,11,60.0,23,18,20,71,1508000,25080000.0,4,Wolves
458,Daniel Podence,POR,FW,27,24,16,1384,15.4,5,0,4,0,32,77,NULL,NULL,NULL,NULL,33,13,67.4,76.4,66.7,56.7,28,27,31,718,10,98,267,363,59,34.1,35.3,23,19,24,15,28.6,13,0,5,6,2704000,6776000.0,10,Wolves
459,Hugo Bueno,ESP,DF,20,15,13,1040,11.6,0,1,1,0,41,31,NULL,NULL,NULL,NULL,4,1,80.8,92.4,79.3,35.1,11,19,9,670,41,266,215,195,13,37.5,33.3,5,6,27,14,60.0,12,1,9,29,114400,7744000.0,64,Wolves
460,Rayan Ait Nouri,FRA,DF,21,19,9,1009,11.2,1,0,4,0,30,42,NULL,NULL,NULL,NULL,10,5,81.0,88.4,82.2,66.7,7,28,14,696,38,219,257,230,27,53.5,46.4,13,9,33,20,69.2,3,0,9,27,NULL,NULL,NULL,Wolves
461,Hwang Hee-chan,KOR,FW,27,17,9,690,7.7,0,1,1,0,16,19,NULL,NULL,NULL,NULL,6,3,76.0,79.8,81.3,77.8,8,7,6,254,5,40,114,106,17,37.5,8.3,12,10,10,6,38.5,12,0,1,3,2912000,NULL,11,Wolves
462,Adama Traore,ESP,FW,27,22,8,1052,11.7,1,1,0,0,59,28,NULL,NULL,NULL,NULL,14,4,66.8,74.4,68.9,60.0,16,14,16,506,8,65,194,260,36,44.3,65.1,9,27,12,6,60.0,6,1,2,7,2392000,11968000.0,37,Wolves
463,Diego Costa,ESP,FW,34,13,8,684,7.6,0,0,2,1,10,4,NULL,NULL,NULL,NULL,21,7,72.9,87.0,75.0,100.0,5,3,1,171,8,18,64,91,40,50.0,42.9,18,5,2,0,50.0,5,1,2,7,3224000,1584000.0,29,Wolves
464,Pedro Neto,POR,FW,22,8,8,599,6.7,0,0,1,0,26,18,NULL,NULL,NULL,NULL,11,2,73.8,88.8,67.1,54.1,13,8,6,323,2,39,93,197,37,30.8,0.0,5,7,8,6,45.5,2,0,3,1,2028000,18656000.0,7,Wolves
465,Raul Jimenez,MEX,FW,31,10,5,500,5.6,0,1,0,0,4,8,NULL,NULL,NULL,NULL,15,4,68.1,77.9,69.2,25.0,5,4,4,175,7,18,76,81,27,42.9,51.6,5,11,5,4,50.0,7,0,0,4,5200000,5896000.0,9,Wolves
466,Craig Dawson,ENG,DF,32,5,5,450,5.0,1,0,1,0,1,9,NULL,NULL,NULL,NULL,5,2,84.4,90.1,91.0,63.2,1,18,0,373,59,227,139,8,8,100.0,54.8,2,3,5,3,50.0,8,6,3,24,NULL,3520000.0,15,Wolves
467,Pablo Sarabia,ESP,FW,30,6,5,404,4.5,1,0,2,0,3,16,NULL,NULL,NULL,NULL,10,3,74.3,90.0,72.7,46.2,8,12,7,219,1,34,86,103,14,14.3,9.1,7,4,7,5,33.3,3,0,0,0,NULL,14344000.0,21,Wolves
468,Matheus Cunha,BRA,FW,23,7,5,378,4.2,0,0,0,0,5,6,NULL,NULL,NULL,NULL,13,2,73.7,81.0,82.4,45.5,4,2,2,165,4,29,76,64,24,53.3,20.0,11,9,4,1,50.0,8,2,3,6,NULL,17248000.0,12,Wolves
469,Mario Lemina,GAB,MF,29,6,5,372,4.1,0,0,3,1,2,15,NULL,NULL,NULL,NULL,2,0,88.0,88.5,90.6,89.5,1,9,4,221,15,74,129,21,1,75.0,87.5,8,3,9,7,60.0,7,1,5,9,NULL,6864000.0,5,Wolves
470,Boubacar Traore,MLI,MF,21,8,4,384,4.3,0,1,2,0,4,8,NULL,NULL,NULL,NULL,3,0,77.6,83.0,87.0,50.0,1,16,1,157,6,37,96,26,2,42.9,46.7,10,2,10,4,33.3,4,2,7,1,338000,5280000.0,6,Wolves
471,Leander Dendoncker,BEL,MF,27,4,2,214,2.4,0,0,0,0,1,6,NULL,NULL,NULL,NULL,3,2,86.9,90.0,100.0,100.0,2,4,1,128,6,33,75,21,5,50.0,28.6,0,0,4,2,66.7,2,0,9,4,NULL,NULL,NULL,Wolves
472,Joseph Hodge,IRL,MF,20,5,1,169,1.9,0,0,1,0,1,7,NULL,NULL,NULL,NULL,1,0,79.3,91.1,86.4,71.4,1,7,1,103,5,25,47,31,3,NULL,33.3,2,1,5,2,75.0,5,0,0,2,NULL,NULL,59,Wolves
473,Sasa Kalajdzic,AUT,FW,25,1,1,45,0.5,0,0,0,0,0,0,NULL,NULL,NULL,NULL,1,0,50.0,50.0,100.0,NULL,0,0,0,7,0,2,1,4,2,NULL,NULL,0,1,0,0,NULL,0,0,1,0,2236000,12584000.0,18,Wolves
474,Joao Gomes,BRA,MF,22,3,0,69,0.8,1,0,1,0,2,1,NULL,NULL,NULL,NULL,2,1,62.5,66.7,69.2,50.0,0,1,0,55,2,17,29,9,1,33.3,50.0,4,2,6,1,50.0,0,0,0,2,NULL,7568000.0,35,Wolves
475,Dexter Lembikisa,JAM,DF,19,1,0,23,0.3,0,0,0,0,2,3,NULL,NULL,NULL,NULL,0,0,76.9,100.0,100.0,NULL,0,2,0,13,0,3,7,3,0,NULL,0.0,0,0,0,0,NULL,0,0,0,0,29640,NULL,81,Wolves
